Current Player,Age,Current Score,Potential Score,Similar Historical GK,Similar GK Young Age,Player Shot Stop,Similar GK Shot Stop,Player Handling,Similar GK Handling,Player Distribution,Similar GK Distribution,Player Sweeping,Similar GK Sweeping,Player Reliability,Similar GK Reliability,Player Consistency,Similar GK Consistency,Similarity Score,Confidence Score
Finn Kotyrba,22.0,57.63890587044298,0.17489451,Maximilian Weisbäcker,24.0,59.84554096414997,46.842607074229676,81.2883289110909,67.39076021898605,37.479267771733525,50.77472752504936,61.64239621958642,46.82245372648347,45.70724005630568,47.71193366016076,,42.344985075272,0.9841558073251647,45.71783311280326
Kevin Müller,34.0,57.41473865247098,,,,52.83491555025223,,77.68922440650101,,38.495932067612586,,51.92490290179148,,64.22130190909994,,44.305572479081775,,,15.9583384103912
Rody de Boer,28.0,56.71803862250988,,,,66.0258723874669,,45.73530075956813,,42.52914924342724,,52.5555229529993,,68.14146036271084,,,,,16.333333333333332
Joël Drommel,29.0,56.58673740456067,,,,60.035078956027064,,57.971214922440836,,50.09390678510165,,64.02970075570755,,54.19266270846486,,44.52764196470824,,,22.691625922745807
Alexander Brunst,30.0,56.06121371337093,,,,51.90412497752375,,56.0516398029119,,49.3399304763606,,71.97190185345556,,62.70104874357192,,42.825175080348,,,16.8475525241044
Nick Olij,30.0,55.994501771597726,,,,61.24461357592321,,57.307213966023944,,59.64094764826499,,38.55334906989246,,54.290989256934914,,,,,16.333333333333332
Nedeljko Stojisic,28.0,55.178107345770904,,,,59.822024655456204,,55.63568103269275,,39.31847646424494,,36.29703361879382,,71.95801734013793,,43.705708861035745,,,15.77837932497739
Marko Gudžulić,23.0,54.848203814311354,74.07942,Andrea Hoxha,26.0,60.66310717208975,54.632190511818685,58.76049393517413,46.781928732438104,47.72898298182995,51.94897888011032,39.24294251599046,42.69658991973789,56.567655883880334,54.98302139277174,,45.09052388771825,0.9940911251568095,46.148417499516555
Taishi Brandon Nozawa,23.0,54.776770943347955,89.88007,Antonín Kinský,22.0,54.87796311947553,51.88404653057087,59.88683091945504,53.3514087554018,44.12193785273165,47.5857205047183,48.96981570709083,49.69453672187339,63.971095367422066,56.317255831060976,40.53049003022094,44.61048816238198,0.9964058712822209,56.704926994766815
Paul Argney,19.0,54.607573258266484,97.51291,Andrija Katic,24.0,58.16711404940749,45.246200331557006,52.603422630640814,51.7338110413664,81.65802163106142,57.3644801484022,39.16386651497332,49.487108187905434,39.85832310579761,42.67767530386597,,43.16268065050644,0.9795119334391637,45.561378234930984
Tim Coremans,34.0,54.20634705351188,,,,53.21548235492501,,55.385938184129365,,50.51103131524235,,56.88079260682886,,58.425305517897925,,44.294392973193574,,,26.6216512252914
Andrea Hoxha,26.0,54.16202824392244,23.103006,Luca Petzold,24.0,51.80908150666634,43.887705690305424,54.415865399553894,46.27231382359704,59.62244923407081,54.86206870171563,55.12750427574193,49.981837850534795,54.93099415782161,47.909437757899326,45.876281355252615,43.73707448075528,0.9991623936417876,55.727492170650734
Alexandre Oukidja,37.0,54.15715073650693,,,,56.26795698960638,,44.639276706822095,,62.838960952799354,,71.6066123982634,,46.312014577571745,,,,,16.333333333333332
Valdemar Birksø,24.0,54.140066922402355,7.0820675,Fabian de Keijzer,25.0,58.86266839534679,50.10603685143083,55.56615213292806,47.51608865431524,37.515335739058976,40.740750040068384,43.53581294471499,45.85694801697373,65.35131819195227,62.03973063982812,46.33781366983814,46.390634748710504,0.9961308094535273,47.69251052715788
Patrik Gunnarsson,25.0,53.660039333843734,98.03005,Jean Butez,30.0,46.66517225695116,50.77469879346565,58.92145236886565,55.81718097111096,53.93507398050961,50.82773405728266,67.00343383527105,58.35957802315499,54.3080360400286,51.093261271682856,44.47970988751976,43.592453318279176,0.9977866628853403,52.58168308811607
Daan Reiziger,24.0,53.561130634571875,1.5022014,Fabian de Keijzer,25.0,43.75922544486234,50.10603685143083,70.69909749327672,47.51608865431524,39.14017623796428,40.740750040068384,42.31723627234385,45.85694801697373,68.78559427422238,62.03973063982812,48.673491693686316,46.390634748710504,0.9836222817128322,48.07321375727801
Martin Vantruba,28.0,53.442314489485,,,,58.34983124086876,,67.75708714918508,,56.91609458356152,,37.01992037622143,,38.232707311154975,,,,,16.333333333333332
Norman Quindt,29.0,52.94565879951605,,,,53.42005449437143,,59.810952638264204,,52.840792377328,,42.163837806519815,,51.69366143403063,,49.524339989889455,,,17.523968663633504
Gonzalo Crettaz,26.0,52.84856165620312,50.47296,Filip Stanković,24.0,49.918556536108404,50.92804282893711,49.659939251629396,46.188046326031525,44.03340456820525,46.09742533610196,61.59348965028487,53.52408755729257,64.61652778586416,60.89470403800201,45.0668327522523,44.783897049085944,0.9980459693191218,76.78027591710881
Arnaud Bodart,28.0,52.70672515312453,,,,52.439922956426734,,72.93376349136354,,38.51619074254074,,52.55486074037214,,47.37438799774603,,37.60406565912538,,,13.94788636440428
Timo Horn,32.0,52.673119526863154,,,,51.10691517413882,,50.8639791754857,,42.58055012913832,,57.20994613540352,,64.32240520712703,,43.91381930375731,,,29.17414579112719
Arijanet Murić,27.0,52.563567769726276,,,,53.12606480774285,,58.19021573311842,,49.22122989318628,,43.63353325269722,,55.33817791673804,,43.47063576368927,,,46.374524062440116
Tom Hendriks,23.0,52.55367465382215,0.5099939,Matous Trmal,27.0,54.21444755000967,47.260051870133246,51.44307063364251,49.682929433036996,37.64887649166728,42.75705793864761,59.631625704908046,50.899266064812615,61.03623728817945,55.028738995062554,43.659695204279274,43.85371094262805,0.9961674456271128,46.97300034161813
Rihards Matrevics,26.0,52.54488821954447,87.02179,Fabian de Keijzer,25.0,52.46904360456334,50.10603685143083,48.97807920855198,47.51608865431524,44.433817923620545,40.740750040068384,46.914779012375504,45.85694801697373,66.7994042747635,62.03973063982812,45.84255703463489,46.390634748710504,0.9995040638312832,65.02451545993998
Dominik Holec,31.0,52.5404965521142,,,,54.25717796856322,,48.129759837821574,,53.02574488892578,,53.394148294764605,,55.83017872537437,,43.561577721814324,,,51.73513998321097
Tom Ritzy Hülsmann,21.0,52.34643318164344,97.40299,Antonín Kinský,22.0,53.60841994566204,51.88404653057087,55.19333268784277,53.3514087554018,47.493442941323956,47.5857205047183,42.163310685005555,49.69453672187339,58.054336944500314,56.317255831060976,45.48051523554128,44.61048816238198,0.9978317134639089,68.8953321907827
Justin Ospelt,26.0,52.211288444337505,0.11692563,Nacho Miras,28.0,53.18151589992027,48.7938091651079,51.90555774992563,47.71209134733794,56.02445609675316,49.31243331379464,55.501352059804574,47.810417360875455,48.39021502111463,43.66765289912867,44.87750999319878,43.72231283715715,0.9993009200419105,52.76439529905457
Franz Stolz,25.0,52.19914705804505,4.4580913,Taishi Brandon Nozawa,23.0,51.198314456636474,48.16414606588572,56.68685666062665,48.96902843973658,56.61609317765746,48.98613572643285,46.93261455492308,48.471602523229684,50.56959951096342,48.16491925958806,44.05372109190335,44.35952270254134,0.9976798010706661,48.475307707061326
Ennio van der Gouw,26.0,52.13702957667499,50.24596,Matous Trmal,27.0,52.64928550018691,47.260051870133246,53.703064511682015,49.682929433036996,42.52739734523486,42.75705793864761,56.12372435695794,50.899266064812615,56.29152869605896,55.028738995062554,47.03686495179376,43.85371094262805,0.9992437706022813,48.06260291274558
Nick Marsman,35.0,52.045783736271034,,,,51.25522332942366,,54.004800005248114,,55.72083586479775,,56.51597319452311,,48.53547039394944,,43.02879916864906,,,43.57530641726139
Justin Heekeren,25.0,52.02218748827953,99.42275,Taishi Brandon Nozawa,23.0,49.62744160665435,48.16414606588572,54.85086182092456,48.96902843973658,54.32368918213132,48.98613572643285,51.0667898401093,48.471602523229684,53.09501459610106,48.16491925958806,45.790947230949364,44.35952270254134,0.9994147079613847,74.38294958838438
Jakub Markovic,24.0,51.988558946018905,0.2453155,Antonín Kinský,22.0,52.85764089260689,51.88404653057087,54.86285499805493,53.3514087554018,44.67927215507656,47.5857205047183,45.309570269912136,49.69453672187339,58.32801214593566,56.317255831060976,45.204907983720574,44.61048816238198,0.9988609302844949,56.83741603371047
Lionel Mpasi-Nzau,31.0,51.905023274834626,,,,49.34079629386028,,48.18596580172103,,48.852254248407206,,57.01852548217175,,61.90544678884628,,41.09622366169651,,,16.32886709850895
Luca Petzold,24.0,51.77293074143722,89.34335,Pavlo Isenko,22.0,51.82945462632038,49.833201910802565,52.53799042114605,49.90900482212886,50.40597941016682,47.524404914199245,49.17967119833681,48.59824951669898,54.928455544116545,51.62453686442999,45.038822582597675,43.914272751233504,0.9998385748289723,67.50121777864739
Hans Christian Bernat,25.0,51.733054540940934,92.73165,Matous Trmal,27.0,53.22620239812502,47.260051870133246,49.98743435008466,49.682929433036996,44.25189475656755,42.75705793864761,53.88068659879887,50.899266064812615,57.520322512645166,55.028738995062554,44.75579151184888,43.85371094262805,0.9993530112679249,66.06739707187003
Hidde Jurjus,32.0,51.662540176996345,,,,54.44346239967948,,50.95368495495739,,45.60764168433706,,58.59621564578223,,52.02347858299184,,40.66601864547755,,,21.533138926976598
Maximilian Weisbäcker,24.0,51.57165772338558,90.32699,Brent Gabriël,27.0,47.609847981599174,49.72605345178301,60.04289829236513,57.19437178251265,52.13752604257154,50.296485018336696,48.7852939815415,52.109707959126325,52.104979210866645,53.47851953621941,43.19939047439177,44.60148909775798,0.9990577971055511,52.24076519329152
Nacho Miras,28.0,51.53380418231126,,,,55.03519381194071,,48.298478442938865,,49.91202211144253,,44.53746646450625,,55.70479820592267,,45.64081491579459,,,37.692244474738374
Andrija Katic,24.0,51.486729712578715,97.801,Nacho Miras,28.0,51.126325618871945,48.7938091651079,59.28896606159573,47.71209134733794,54.64298290265995,49.31243331379464,49.41314906380915,47.810417360875455,45.02548781456462,43.66765289912867,42.96357819810309,43.72231283715715,0.9970085128224019,62.7894815475738
Thomas Didillon-Hödl,30.0,51.47458628164682,,,,55.399168067209324,,51.13005546934199,,55.57588288275524,,46.59338670997784,,47.000779672975476,,44.658954592189104,,,53.39768637765673
Patrick Drewes,33.0,51.41073498427109,,,,49.185270912799595,,45.22713896425027,,55.05565480897937,,54.00922738883108,,58.722824735180815,,44.11780020629941,,,37.23534006188982
Hervé Koffi,29.0,51.37123828499766,,,,54.220178096890976,,52.74346877900697,,49.51515930981702,,45.07222724392645,,52.1392867279983,,43.88274267328228,,,45.164822801984684
Samuel Brolin,25.0,51.33612085834444,2.5221303,Taishi Brandon Nozawa,23.0,50.05092320129483,48.16414606588572,54.37421504638399,48.96902843973658,53.27448444731059,48.98613572643285,49.31758789979236,48.471602523229684,51.515653236322514,48.16491925958806,44.39877568677727,44.35952270254134,0.9993476215031799,57.96280376070516
Malwin Zok,22.0,51.32361062547311,0.195278,Hervé Koffi,29.0,55.180771744701545,52.696353931360704,53.69287107090976,54.15274124872919,44.271383162117644,47.40748326499958,43.72311815551263,49.3595509736496,53.35762034853025,52.37970963047071,46.92523056611467,43.2914747081194,0.9979334125326516,49.34022339363508
Florian Wiegele,24.0,51.2343754118701,0.26858783,Marco Bizot,35.0,56.089959408116655,55.260289444014695,52.112758165481104,,54.8337146368008,,43.02034230835863,,46.20588053653234,45.52157336777201,44.33136845352843,40.12203085510723,0.9969742121683951,49.8658118544962
Maxim Deman,24.0,51.234278040490516,0.07243565,Andrija Katic,24.0,51.32928620287651,45.246200331557006,61.0977911082236,51.7338110413664,63.60158418410707,57.3644801484022,40.00447893012998,49.487108187905434,38.29118872623879,42.67767530386597,48.340213842120555,43.16268065050644,0.9915410692559329,46.826192007150695
Jovan Jovic,23.0,51.22976851463865,1.0699929,Brent Gabriël,27.0,48.089004449939246,49.72605345178301,53.73413045847999,57.19437178251265,50.19474628175282,50.296485018336696,51.96004646129743,52.109707959126325,55.12696430090744,53.47851953621941,46.112632787734334,44.60148909775798,0.9994060484787552,49.147367535612204
Gerónimo Rulli,33.0,51.17338640931443,,,,48.44379538609138,,56.37688564181393,,58.260678863030286,,58.77217800749727,,43.07938702827555,,42.65347258529708,,,52.796041775589124
Jari De Busser,26.0,51.16266547804269,98.91894,Hervé Koffi,29.0,53.29671316911227,52.696353931360704,53.875566680283626,54.15274124872919,43.93754182973297,47.40748326499958,49.82987938781718,49.3595509736496,53.17137076082873,52.37970963047071,43.81289651689744,43.2914747081194,0.9995519224395524,83.12002067969993
Matous Trmal,27.0,51.14905208822889,,,,51.76359483494119,,52.37443857133174,,47.5470244772003,,51.112432993727786,,53.23189378293361,,45.10820391881279,,,53.53246117564384
Jean Butez,30.0,51.11180673195123,,,,49.78586622206531,,52.567324695174655,,57.211272919842386,,63.55132845217203,,42.54849030648344,,44.32120163612906,,,53.296360490838715
Brent Gabriël,27.0,51.04015583842073,,,,50.01955929137553,,51.45678557534782,,55.63896045239138,,59.22963796107699,,45.982585439990245,,45.552119679480874,,,40.332302570510926
Simon Ngapandouetnbu,22.0,50.99475943427322,0.8620795,Nacho Miras,28.0,53.93365570556695,48.7938091651079,54.30871011652826,47.71209134733794,56.90992649949742,49.31243331379464,47.38305867146471,47.810417360875455,42.346329612907375,43.66765289912867,44.17719869289837,43.72231283715715,0.9976496730221214,69.8414879572531
Marco Bizot,35.0,50.9692487375434,,,,49.81813544185975,,49.0862878698833,,52.66512936732571,,53.89224589383192,,53.576397345360796,,44.04554134909216,,,53.21366240472765
Youri Schoonderwaldt,25.0,50.960654801246754,1.2769799,Jari De Busser,26.0,48.886038788833474,52.08468604486447,50.6864773186024,52.846583284940664,50.54619592761197,51.03032658145914,60.90651676441041,58.927199630940535,51.329940419680675,50.32700647550509,44.379571027145204,44.67479529162929,0.9994085510967554,81.9501260532892
Eric Oelschlägel,30.0,50.912476067363265,,,,58.10670908096679,,55.909987948805785,,43.573364849976045,,59.83459008273992,,39.013647926626916,,39.52544864432597,,,14.524301259964457
Nick Gillekens,30.0,50.855860392162086,,,,49.96854777891601,,48.79061989206762,,42.9119291767318,,49.26264133970728,,63.21659045108983,,42.01600958750582,,,40.604802876251746
Maxime Dupé,33.0,50.64303947236212,,,,54.29013581542353,,45.46733758569346,,46.97603382903108,,42.98986486508727,,58.32636826887085,,45.037319919176234,,,22.844529309086205
Jan Olschowsky,24.0,50.6390760158502,99.457634,Jari De Busser,26.0,50.79444590134109,52.08468604486447,52.0223570761222,52.846583284940664,46.327427895374576,51.03032658145914,56.018502337396605,58.927199630940535,51.13298432769778,50.32700647550509,44.37419093276056,44.67479529162929,0.9993910164519194,79.29023534934467
Manuel Riemann,37.0,50.61016085912797,,,,36.96872560113546,,57.62026371691867,,50.864308536231015,,75.27111868162824,,51.69366143403063,,,,,16.333333333333332
Diant Ramaj,24.0,50.595359412909005,99.56625,Marius Müller,32.0,46.63439808036352,50.618483343805,50.8895251312649,52.05214980260434,47.15766636899145,46.71950877803234,46.996515741606096,53.296794247971604,61.68274375782749,61.24892877012243,46.3456936294429,44.95887057322816,0.9985347047656309,71.84600534662894
Ivan Filipovic,31.0,50.58984769957772,,,,50.561754602441894,,53.37769123946702,,52.2401084953222,,50.045561802857975,,48.31077500988844,,44.86111228779859,,,40.12500035300624
Koen Bucker,29.0,50.55308673122644,,,,47.42165450874168,,58.41872862724347,,50.33737834246201,,54.770592271214156,,47.07760639388994,,43.99314791773074,,,43.864611041985896
Louis Lord,22.0,50.53045260311162,9.728352,Andrea Hoxha,26.0,59.47308786826905,54.632190511818685,45.94922872755285,46.781928732438104,56.912241506052,51.94897888011032,39.956685748179254,42.69658991973789,44.01572959975842,54.98302139277174,43.26059552885838,45.09052388771825,0.9939298032109791,52.106639303216824
Otto Hindrich,23.0,50.530330085889915,26.601976,Fabian de Keijzer,25.0,60.60660171779821,50.10603685143083,39.39339828220178,47.51608865431524,39.39339828220179,40.740750040068384,39.39339828220179,45.85694801697373,60.60660171779821,62.03973063982812,,46.390634748710504,0.9922655583579979,46.045037945299065
Josip Posavec,30.0,50.50700976876606,,,,50.84857397057308,,52.25866000195629,,49.986709845679705,,55.02624689950035,,47.84194834425734,,44.63369483098843,,,33.39010844929653
Zion Suzuki,23.0,50.49937312785942,98.128944,Antonín Kinský,22.0,49.23130953027035,51.88404653057087,51.013864114415284,53.3514087554018,47.878598642717975,47.5857205047183,47.114009546305944,49.69453672187339,57.25535092285529,56.317255831060976,43.65893020571806,44.61048816238198,0.9995808386772074,83.07516778192503
Marco Hiller,29.0,50.44019062562898,,,,49.884507744111446,,48.650522225095784,,55.517909413716666,,50.56556890883531,,50.605732594865295,,44.786880709246056,,,42.76939754610715
Kjell Scherpen,26.0,50.415806305522565,0.1746964,Georgiy Yermakov,23.0,48.80817748849106,48.90315283987026,51.36089679743881,48.29634971938516,49.16055165252787,50.747194502228155,50.45584230583855,48.64026799712225,54.908377558505876,54.65402244572019,41.99662418646545,43.37452432527026,0.9994438424259646,82.58128302481636
Eric Verstappen,31.0,50.403391072438495,,,,56.335383641991974,,45.55979906806415,,57.036112576895796,,35.32175322519876,,49.061841373204786,,49.81711365065734,,,17.61180076186387
Marko Milosevic,35.0,50.39291701620448,,,,50.34440374491423,,50.866783254812155,,48.19861348553877,,48.934577168949666,,53.78632068863129,,44.714507286314785,,,53.41435218589444
Carljohan Eriksson,30.0,50.387978023927545,,,,51.75137299191991,,47.702412089150634,,56.46550754527554,,49.3239591358505,,48.955785167992424,,42.574092590931684,,,39.43889444394617
Yannick Etile,25.0,50.36271966290645,1.2327244,Andrea Hoxha,26.0,60.24648001813267,54.632190511818685,32.33458629739839,46.781928732438104,69.3322178933192,51.94897888011032,37.00961894323342,42.69658991973789,46.10531909832876,54.98302139277174,,45.09052388771825,0.9779969827124448,45.57157067918885
Georgiy Yermakov,23.0,50.31144011583084,55.73753,Marco Bizot,35.0,52.703439582545485,55.260289444014695,51.82654174382935,,51.81885706011705,,54.977916439168105,,43.77865737498001,45.52157336777201,42.17496428741906,40.12203085510723,0.9986683400495464,69.27722612508552
Issam El Maach,26.0,50.303333310058186,0.568204,Filip Stanković,24.0,51.65802104984751,50.92804282893711,45.07539132712278,46.188046326031525,47.28575545983464,46.09742533610196,47.98524741099435,53.52408755729257,58.46038727028093,60.89470403800201,44.147664310971024,44.783897049085944,0.999038843752013,59.20396602162877
Pierre Patron,28.0,50.227169898043414,,,,48.292253330311226,,55.88847123420054,,43.5559273688936,,54.33012701892219,,51.29822696722375,,46.71504902877876,,,18.014514708633627
Marius Müller,32.0,50.19125754700623,,,,54.96650016562846,,48.75071208486599,,46.15366630839575,,38.485741467954725,,54.14577634941608,,47.00771434812894,,,20.76898097110535
Filip Stanković,24.0,50.18245996348455,99.43824,Hans Christian Bernat,25.0,53.49215127249493,52.040407699833295,47.61747318766595,45.34001704045558,48.25778374004689,46.115011965232675,49.51121364127734,47.65636037167391,50.98792190704874,51.025171333703526,44.478932753167236,45.56919851478268,0.9996764358170951,63.32860631241722
Viljar Myhra,29.0,50.065786014271275,,,,50.26101321606026,,52.77844765967913,,51.4636720110795,,52.29251431482882,,46.17810817386064,,44.94737299200882,,,45.48421189760265
Hillel Konaté,31.0,50.06470677200813,,,,47.61400450534038,,48.62986479278624,,50.834923508445,,56.71917368137439,,52.93818151838418,,43.39480527535475,,,29.018441582606425
Max Schmitt,20.0,50.03526364465394,79.97453,Maximilian Weisbäcker,24.0,47.37708957665928,46.842607074229676,62.21870951462874,67.39076021898605,47.37892381373403,50.77472752504936,50.25672868710187,46.82245372648347,45.61529873189847,47.71193366016076,42.45647363160832,42.344985075272,0.9985475092813493,54.65126212924413
Fabian de Keijzer,25.0,50.00763375533037,99.62806,Georgiy Yermakov,23.0,50.312390773042004,48.90315283987026,47.2856606190361,48.29634971938516,48.25068085200222,50.747194502228155,48.65922955082989,48.64026799712225,55.86218242172449,54.65402244572019,43.61645664764658,43.37452432527026,0.9996306074339966,83.0658957472305
Plamen Andreev,21.0,50.0,0.32671666,Pavlo Isenko,22.0,,49.833201910802565,,49.90900482212886,,47.524404914199245,,48.59824951669898,,51.62453686442999,,43.914272751233504,0.999873595558771,46.32753743917376
Peter Vindahl,28.0,49.976813226181235,,,,51.8253757004692,,49.38408584450168,,56.02703706797409,,51.72582963154771,,43.92165992937802,,43.828256758272936,,,53.14847702748188
Kostas Lamprou,34.0,49.97653527685652,,,,44.99182961727851,,54.93129554723185,,52.759452785366975,,55.512107619208756,,49.38181186328166,,43.02472459688671,,,43.57408404573268
Kamil Grabara,27.0,49.972752693105384,,,,52.72328990003509,,47.49499863104494,,50.10105341644481,,46.55074199942572,,51.15470592839938,,45.11185197593393,,,53.533555592780175
Leopold Wahlstedt,26.0,49.971768349170695,8.93813,Fabian de Keijzer,25.0,50.006669669992824,50.10603685143083,55.57386678213896,47.51608865431524,35.801036540359355,40.740750040068384,44.6050070992237,45.85694801697373,58.9890118914333,62.03973063982812,44.53071044964241,46.390634748710504,0.9964332912444067,47.21874962441678
Pelle Boevink,28.0,49.96093620420093,,,,52.17760508861317,,46.19947585954204,,55.575756405798245,,43.76859545114676,,51.00747427414434,,43.060832897905776,,,28.918249869371735
Karol Niemczycki,26.0,49.949983815986805,3.6010318,Georgiy Yermakov,23.0,49.71480625195202,48.90315283987026,47.760019886221436,48.29634971938516,48.369882868235955,50.747194502228155,47.63499031459675,48.64026799712225,56.32450800098165,54.65402244572019,43.99309802531028,43.37452432527026,0.9996307189801092,83.1781780974768
Oliver Christensen,26.0,49.92703542760279,1.0271927,Hidde Jurjus,32.0,52.03176745976193,48.53062899835782,44.035905161564266,47.090276920827684,48.60312457163803,53.46750437751949,66.88395517460151,57.90990420427275,46.962135941528416,46.07347319147256,42.780655316996494,43.20882783813978,0.9961152941727797,61.347402448453366
Antonín Kinský,22.0,49.905575132922124,99.65725,Andrija Katic,24.0,43.88956889118265,45.246200331557006,57.8776697901874,51.7338110413664,60.352357468211906,57.3644801484022,55.89609792197286,49.487108187905434,42.20821821876776,42.67767530386597,41.58126902694448,43.16268065050644,0.9980104832594676,65.01894549591961
Lukas Schneller,24.0,49.89395881384908,0.23399042,Taishi Brandon Nozawa,23.0,49.863683604285306,48.16414606588572,49.63635124549768,48.96902843973658,51.610192440560546,48.98613572643285,51.66277033894334,48.471602523229684,49.597099666565725,48.16491925958806,43.60715300344799,44.35952270254134,0.999680160444783,71.0682755234848
Yannick Pandor,24.0,49.881160328769084,0.12845063,Marco Bizot,35.0,54.741072907278124,55.260289444014695,47.743436501085284,,49.55409414476615,,49.68729921408975,,46.77780917409141,45.52157336777201,43.0549055685283,40.12203085510723,0.9994785790744373,66.88845106871356
Mory Diaw,32.0,49.869295610877174,,,,49.067166861065594,,51.98103155258906,,50.0,,51.21220284469106,,50.0,,42.634379151411714,,,27.456980412090182
Mike Havekotte,30.0,49.865792812887044,,,,52.3023217986373,,45.907259635359964,,53.34725929344834,,45.51385404472403,,51.30230081358696,,43.59419770033621,,,53.07825931010086
Fabian Eutinger,22.0,49.827478941326454,1.0556464,Matous Trmal,27.0,50.58974194193516,47.260051870133246,49.59654965351401,49.682929433036996,43.408812599167014,42.75705793864761,49.72409310573682,50.899266064812615,54.78954667363873,55.028738995062554,45.7921178573325,43.85371094262805,0.9995139087014867,62.38435985756462
Kosei Tani,25.0,49.756612306296084,96.83758,Kamil Grabara,27.0,50.25721731574434,47.95326297186434,50.161749678144986,49.86294260858529,49.688552179502395,47.83935939837255,50.286076883423824,50.42926376959961,50.38131508694558,48.9108513203225,41.77887286573855,43.21550450123318,0.9996617797649092,82.5200381326345
Miso Dubljanic,26.0,49.7456426487247,96.66174,Taishi Brandon Nozawa,23.0,50.0,48.16414606588572,50.0,48.96902843973658,50.0,48.98613572643285,50.0,48.471602523229684,50.0,48.16491925958806,44.912852974493944,44.35952270254134,0.9999581586170873,63.4689882148145
Luca Unbehaun,25.0,49.73881119232215,3.2475016,Jari De Busser,26.0,49.87915545472954,52.08468604486447,47.068422249276914,52.846583284940664,48.87973421122009,51.03032658145914,58.0137869810583,58.927199630940535,50.27474189932537,50.32700647550509,43.4618579278799,44.67479529162929,0.9993371913630569,83.00092131093166
Djordje Nikolic,28.0,49.731722640848346,,,,42.82926977731291,,39.9786031707587,,66.83845463027441,,54.3945652335451,,54.60998177803531,,,,,16.333333333333332
Sten Grytebust,36.0,49.72504731256086,,,,50.0,,50.0,,50.0,,50.0,,50.0,,44.50094625121727,,,53.35028387536518
Mathieu Michel,34.0,49.70357205435842,,,,50.0,,50.0,,50.0,,50.0,,50.0,,44.07144108716831,,,31.888098992817163
Anthony Racioppi,27.0,49.6982245729299,,,,50.0,,50.0,,50.0,,50.0,,50.0,,43.96449145859809,,,53.18934743757943
Bum-keun Song,28.0,49.6919820426659,,,,50.0,,50.0,,50.0,,50.0,,50.0,,43.839640853318045,,,53.15189225599541
Danijel Petkovic,32.0,49.68915902872238,,,,50.0,,50.0,,50.0,,50.0,,50.0,,43.783180574447556,,,53.13495417233427
Kjell Peersman,21.0,49.68825643186373,0.255939,Nacho Miras,28.0,50.86187921555578,48.7938091651079,51.820776096137415,47.71209134733794,50.45842790725394,49.31243331379464,48.59804405652778,47.810417360875455,47.087518741967415,43.66765289912867,44.38930215670309,43.72231283715715,0.9996296683692146,83.3006683179281
Pavlo Isenko,22.0,49.674173249493954,65.393005,Taishi Brandon Nozawa,23.0,50.00000000000001,48.16414606588572,50.0,48.96902843973658,50.0,48.98613572643285,50.0,48.471602523229684,50.0,48.16491925958806,43.483464989879074,44.35952270254134,0.9998315911339606,65.70431364918328
Gasper Tratnik,26.0,49.65137226508937,89.34782,Taishi Brandon Nozawa,23.0,48.23223304703363,48.16414606588572,51.76776695296637,48.96902843973658,51.76776695296637,48.98613572643285,51.76776695296637,48.471602523229684,48.23223304703363,48.16491925958806,44.79521225475383,44.35952270254134,0.9996148172075415,51.423387038980295
Warner Hahn,33.0,49.6449617285119,,,,51.161623300528255,,48.877023881570395,,49.36554700361996,,51.251088850380675,,49.01401052905901,,43.76653841292972,,,37.12996152387892
Ignacio de Arruabarrena,29.0,49.6351856864499,,,,50.0,,50.0,,50.0,,50.0,,50.0,,42.70371372899801,,,42.144447452032736
Marko Johansson,27.0,49.63058232700665,,,,58.94227537767943,,42.38089638018491,,48.757871906847136,,42.14093353770553,,48.78592074422369,,43.73524298046955,,,21.120572894140864
Simon Sluga,32.0,49.625,,,,50.0,,,,50.0,,,,50.0,,42.5,,,15.416666666666668
Markus Ponath,25.0,49.62085499558416,95.02512,Andrija Katic,24.0,46.98996313389221,45.246200331557006,49.2113173808291,51.7338110413664,62.053016218197016,57.3644801484022,50.44065802529692,49.487108187905434,45.575309503594966,42.67767530386597,44.290448865448894,43.16268065050644,0.9990544734514532,53.88644311320735
Liam Bossin,29.0,49.59561396661243,,,,50.01739645377158,,50.03954004675204,,48.80523817918428,,50.42653334344375,,50.0,,44.38095919817077,,,45.31428775945123
Guillermo Ochoa,40.0,49.523946551665226,,,,49.733422320697755,,49.56197530324129,,50.1135508509085,,50.537852874200475,,49.67161720580599,,43.72766877180241,,,39.78496729820739
Nahuel Noll,22.0,49.52304802251096,99.66876,Patrick Drewes,33.0,51.5920152408203,56.194363581176795,45.409912337772646,49.24218205633876,48.20837169922371,54.797733736052706,52.974849939132284,53.51661865971393,51.20643435218586,55.07915620368409,43.86866726952779,44.399117691134336,0.9991412014104458,68.46457811923167
Mohamed Koné,24.0,49.5131979020637,88.19164,Jean Butez,30.0,43.77188319477759,50.77469879346565,56.0681154757057,55.81718097111096,48.716995451353704,50.82773405728266,56.93750623009098,58.35957802315499,50.051032168834965,51.093261271682856,43.13006948020255,43.592453318279176,0.9988604329647464,70.88826116909338
Jorn Brondeel,32.0,49.50131318699562,,,,46.86918317308579,,54.38608379233551,,44.734299022812166,,46.792586402608734,,55.082117980244135,,43.150287737425096,,,52.94508632122753
Jindrich Stanek,29.0,49.48941114588525,,,,50.66495733279951,,51.41028736218134,,48.110653804856184,,50.20465064900635,,47.41926112683198,,45.73902225227333,,,53.721706675682
Vincent Müller,25.0,49.46062853677048,39.64184,Taishi Brandon Nozawa,23.0,49.61142977519372,48.16414606588572,49.48096245391729,48.96902843973658,52.08615588064561,48.98613572643285,50.5678939895554,48.471602523229684,48.12047933179122,48.16491925958806,43.74396932036558,44.35952270254134,0.9996753858356601,75.10957824852463
Kevin Trapp,35.0,49.455828132781036,,,,54.70124470709063,,43.26672310258685,,41.175786582725635,,50.49470778261848,,55.35297995996818,,41.91350684944295,,,29.90738538816622
Shuichi Gonda,37.0,49.44738668893952,,,,44.49991487236231,,55.73975805884305,,,,62.99038105676658,,45.66987298107781,,40.32895827139981,,,14.765354148086612
Daniel Bielica,26.0,49.42611621725871,37.55099,Nacho Miras,28.0,50.39267628177657,48.7938091651079,49.775661589425795,47.71209134733794,55.783616524473445,49.31243331379464,51.13641687341245,47.810417360875455,43.38376945394587,43.66765289912867,43.904859160782856,43.72231283715715,0.9990435845035948,83.12668246051159
Emile Doucouré,18.0,49.41342840458461,0.112994656,Hans Christian Bernat,25.0,57.57045896248534,52.040407699833295,36.082615518893896,45.34001704045558,46.16182540266882,46.115011965232675,51.17360177442839,47.65636037167391,51.92066812108533,51.025171333703526,,45.56919851478268,0.9953277392923184,46.163415697017925
Maduka Okoye,26.0,49.36172240800196,88.892624,Taishi Brandon Nozawa,23.0,51.57580906813615,48.16414606588572,47.33627567102256,48.96902843973658,51.39337028986046,48.98613572643285,47.55508913192603,48.471602523229684,48.81325142644589,48.16491925958806,43.89119622791523,44.35952270254134,0.9993081822504181,83.14475529616487
Simon Spari,23.0,49.329061129482966,0.10181968,Nacho Miras,28.0,50.31957160783764,48.7938091651079,49.68818345179828,47.71209134733794,50.290361257379416,49.31243331379464,50.52704627669473,47.810417360875455,47.2981865404111,43.66765289912867,44.793136648268394,43.72231283715715,0.9997980758879798,55.42904737570066
Jesper Heim,26.0,49.32852607365788,89.00809,Patrick Drewes,33.0,52.67468517807888,56.194363581176795,46.90440498044102,49.24218205633876,50.09282933109076,54.797733736052706,48.10695944494364,53.51661865971393,48.17199076095813,55.07915620368409,43.72442055592812,44.399117691134336,0.999312008190567,83.09269456536272
Benjamin Siegrist,34.0,49.31798936779631,,,,50.66879647984586,,41.38430890225183,,56.75618458294193,,37.58373160910385,,55.46262701544595,,49.52324783902638,,,17.52364101837458
Ivan Rehak,24.0,49.26697112867437,0.15382437,Georgiy Yermakov,23.0,48.46546952379847,48.90315283987026,47.97411215201507,48.29634971938516,48.0998858181014,50.747194502228155,47.789735172973735,48.64026799712225,54.79375504937491,54.65402244572019,43.59600882488505,43.37452432527026,0.9998067932102628,72.39753564485372
Oscar Linnér,29.0,49.25,,,,50.0,,49.99999999999999,,50.0,,50.0,,,,35.0,,,13.166666666666668
Justin Treichel,23.0,49.235865963202485,65.80824,Nacho Miras,28.0,48.84356829818349,48.7938091651079,55.048952790201554,47.71209134733794,50.81256096605745,49.31243331379464,47.58550233128987,47.810417360875455,44.985640824850606,43.66765289912867,43.90884745398811,43.72231283715715,0.9985800340422833,83.12299814058349
Yanick van Osch,28.0,49.227058056329454,,,,48.94940992990784,,48.9139847179109,,48.09192072385477,,52.044277197737365,,50.297042044412095,,45.63627793081103,,,53.69088337924331
Robin Risser,21.0,49.18661763617931,66.5202,Nacho Miras,28.0,50.545849663050774,48.7938091651079,51.92206229719974,47.71209134733794,51.081304640447286,49.31243331379464,50.728816073272306,47.810417360875455,43.27471623850143,43.66765289912867,44.96859453459017,43.72231283715715,0.9996097264255147,72.78622336447589
Klemen Mihelak,24.0,49.15468054573317,83.17441,Andrea Hoxha,26.0,60.827841307362775,54.632190511818685,42.36211664490559,46.781928732438104,46.58556069208174,51.94897888011032,38.03484761557815,42.69658991973789,46.44833998134262,54.98302139277174,47.05835925809241,45.09052388771825,0.9944461425115001,49.221168015159215
Albert Posiadala,23.0,49.14978078506648,2.6793272,Matous Trmal,27.0,49.0124583567773,47.260051870133246,53.06345054779916,49.682929433036996,41.81035710931764,42.75705793864761,50.901387818866,50.899266064812615,51.49173547429654,55.028738995062554,43.466274506598126,43.85371094262805,0.9990044682054567,63.005207616680124
Jan de Boer,25.0,49.11902965738541,1.2408746,Patrick Drewes,33.0,51.90455540185315,56.194363581176795,45.03166090508707,49.24218205633876,51.66756866597983,54.797733736052706,48.16744269320791,53.51661865971393,48.776047777981006,55.07915620368409,44.384834619961495,44.399117691134336,0.999334654980534,83.28309996815088
Michael Verrips,29.0,49.11821906938019,,,,51.906027328705825,,45.396860395561205,,49.752981999266424,,42.6520627730028,,52.42013149648189,,45.097178303391594,,,53.52915349101748
Ortwin De Wolf,28.0,49.09682954858755,,,,50.40025487831133,,49.85097421390001,,49.59373130222811,,48.12194118449054,,47.66543080792153,,44.44436533893144,,,53.33330960167943
Denis Pintol,26.0,49.090120904244785,65.210526,Justin Heekeren,25.0,37.91587721723118,49.05727410790486,56.49251575758247,57.9558222326541,54.11636261895992,53.42344422939864,48.860954928550626,52.72992412709227,56.401023909158695,59.65002782817045,42.66199840056286,43.13010612687076,0.9969323405112746,47.98103498083016
Ziga Frelih,28.0,49.07494921838583,,,,46.456177038579064,,49.154940073914,,45.732251316026016,,50.400805097537024,,56.02619244194042,,44.039027929672564,,,53.21170837890177
Matheus,33.0,49.067917564007104,,,,50.823984141526054,,48.052876691317344,,54.90853143408305,,55.21418652710311,,41.50792830361916,,43.01725909478428,,,40.905177728435284
Radoslaw Majecki,26.0,49.0671641400886,93.34581,Hervé Koffi,29.0,52.53810062726668,52.696353931360704,50.35250449791379,54.15274124872919,41.6974866767177,47.40748326499958,45.49679925458251,49.3595509736496,50.91071849446937,52.37970963047071,44.975728529321295,43.2914747081194,0.998678858343982,83.4480798096805
Michel Witte,26.0,49.020056113909874,0.54524827,Andrija Katic,24.0,46.03671566704465,45.246200331557006,49.973024714559614,51.7338110413664,60.50307537872962,57.3644801484022,56.48074638302628,49.487108187905434,41.26579804761413,42.67767530386597,44.754818324993224,43.16268065050644,0.9983252963682736,55.34398445383195
Tein Troost,24.0,48.98548227426631,0.18614766,Patrick Drewes,33.0,53.74319074344583,56.194363581176795,42.65657583842644,49.24218205633876,49.564936021281476,54.797733736052706,53.73343369770816,53.51661865971393,46.37602331885751,55.07915620368409,44.958428936254585,44.399117691134336,0.9976576486605886,59.41014155150843
Krisztián Hegyi,23.0,48.87435155104797,21.585817,Andrea Hoxha,26.0,51.86615908733566,54.632190511818685,44.26024194115695,46.781928732438104,50.0,51.94897888011032,43.50480947161671,42.69658991973789,52.1650635094611,54.98302139277174,43.57923575123991,45.09052388771825,0.9997251125336103,48.3772089631869
Yvon Mvogo,31.0,48.87047496697466,,,,47.610033350174945,,49.72298249113128,,52.33295480692084,,45.518377487055474,,49.88442339582538,,45.284056295743554,,,53.58521688872307
Tom de Graaff,21.0,48.82004163227577,99.29367,Taishi Brandon Nozawa,23.0,48.570163672401506,48.16414606588572,50.489498843612374,48.96902843973658,50.83541183922868,48.98613572643285,42.314589314954986,48.471602523229684,50.29841341476383,48.16491925958806,44.692787430005566,44.35952270254134,0.998243721569255,74.01838317564967
Ben Voll,25.0,48.798534282536345,0.16787954,Andrea Hoxha,26.0,48.39028130771815,54.632190511818685,42.01661706742797,46.781928732438104,53.15367795220729,51.94897888011032,39.24907249969262,42.69658991973789,58.59372269313882,54.98302139277174,45.22845990614365,45.09052388771825,0.9973189445956588,47.44989243410677
Julien Devriendt,27.0,48.77136450035522,,,,44.71644621222124,,53.384046119137615,,51.207290762668656,,51.68809112223792,,48.47149108692354,,42.70840937705058,,,47.479189479781844
Davor Matijas,26.0,48.76278616244234,0.71854967,Gasper Tratnik,26.0,50.56212035037484,50.43560985582375,46.10317134084708,49.29855708187071,47.43358643969733,47.24263753649173,50.15187267619325,50.039028123341225,50.270465798978535,49.434155990641024,43.7839479158168,45.125199792941864,0.9996015981017632,75.12181512713786
Mio Backhaus,21.0,48.75491982425305,96.09512,Patrik Gunnarsson,25.0,50.798932272560705,47.79913382597286,53.106030815741136,55.77736796942522,50.501481824987295,52.33638033197686,54.30232073488969,61.028847129485996,39.62473166514211,45.70604557326881,39.272665981422506,43.17785902927119,0.9978977367351767,67.03276494831418
Vitezslav Jaros,24.0,48.74914335528626,80.703064,Andrija Katic,24.0,50.07187935522001,45.246200331557006,51.15952423263549,51.7338110413664,56.21952931458219,57.3644801484022,44.673140816231744,49.487108187905434,41.35920398597536,42.67767530386597,46.471808523751534,43.16268065050644,0.99785182042956,69.18467474952195
Connor van den Berg,24.0,48.73643902478641,1.2966743,Taishi Brandon Nozawa,23.0,46.69326539961707,48.16414606588572,54.11499548332142,48.96902843973658,52.29508930190516,48.98613572643285,44.6770913667712,48.471602523229684,46.85989554036417,48.16491925958806,44.43017336402555,44.35952270254134,0.9980358569903122,60.5976884129755
Nediljko Labrovic,26.0,48.72770110294808,98.37346,Jean Butez,30.0,46.73404601456253,50.77469879346565,59.47113517515368,55.81718097111096,45.26526597258421,50.82773405728266,52.22421116478106,58.35957802315499,42.729374156444806,51.093261271682856,45.10348839787775,43.592453318279176,0.9962205951516474,60.747421512871085
Dennis Seimen,20.0,48.68002487718032,98.307526,Nacho Miras,28.0,47.67579178675578,48.7938091651079,51.14545011209168,47.71209134733794,53.77796689530042,49.31243331379464,48.23064480744419,47.810417360875455,44.926476411177994,43.66765289912867,45.46285042920332,43.72231283715715,0.9992859631079862,67.60779522360914
Tomas Koubek,33.0,48.662628536821934,,,,48.79302384070405,,48.945064063862844,,53.145891754152,,48.488991580206644,,45.75455390754468,,45.280297383714995,,,36.25075588178117
Michael Zetterer,30.0,48.57398666732207,,,,49.53510403868773,,50.07890009684416,,52.26962110860866,,47.764729400367585,,44.083574526283705,,45.28088849524225,,,53.58426654857267
Bingourou Kamara,29.0,48.55991871589619,,,,41.99939837649485,,44.772476271002844,,59.637712041316945,,70.40951970757058,,45.87117501935634,,36.89520335842599,,,15.068561007527796
Tobias Lawal,25.0,48.50714126984363,92.19058,Hidde Jurjus,32.0,52.24076766934848,48.53062899835782,46.031271858146496,47.090276920827684,50.67392330059263,53.46750437751949,56.13626980138709,57.90990420427275,41.24760023469008,46.07347319147256,43.2884215048833,43.20882783813978,0.9985398034258406,60.252915581113015
Mathew Ryan,33.0,48.5031389991878,,,,49.55814204493281,,48.35542655484955,,48.99407277140961,,47.37570493604844,,48.962355044273785,,41.709173131340044,,,29.84608527273535
Luca Böggemann,22.0,48.437747174772795,0.18420412,Andrija Katic,24.0,46.30914296383156,45.246200331557006,47.35469131841752,51.7338110413664,65.86565772752515,57.3644801484022,42.53692550026511,49.487108187905434,43.02426509149673,42.67767530386597,46.71343588970372,43.16268065050644,0.9947571856352745,47.7869020878163
Muhamed Sahinovic,22.0,48.38588766604798,0.15446505,Hervé Koffi,29.0,48.114196323910356,52.696353931360704,53.7989261248831,54.15274124872919,43.051721029454036,47.40748326499958,46.73166117057764,49.3595509736496,48.869694012735295,52.37970963047071,45.7396093975065,43.2914747081194,0.9987247720676417,57.01068030009802
Mattijs Branderhorst,32.0,48.29133751262507,,,,63.73761635831199,,33.05874225113486,,49.67064672683997,,52.85167039327325,,36.61270053275589,,,,,16.333333333333332
Paul Bernardoni,28.0,48.27935466957533,,,,47.18721202713805,,46.96814870243477,,43.57692338219131,,48.769945321487526,,55.12240128353228,,45.83096049526123,,,44.415954815245044
Dominik Takac,27.0,48.2667319333447,,,,48.46600982075733,,51.50026310434534,,44.91382267190544,,46.99619663517913,,49.10980110587951,,43.36446161537589,,,53.00933848461277
Andreas Luthe,39.0,48.19617362632546,,,,39.78868864408284,,31.06624752051666,,40.291306835888946,,49.279609775296535,,82.87330263042143,,,,,16.333333333333332
Franco Israel,25.0,48.1892171183225,98.958084,Georgiy Yermakov,23.0,46.201298665793054,48.90315283987026,45.17719389725665,48.29634971938516,47.17591999287965,50.747194502228155,47.998395592130606,48.64026799712225,56.16257542375722,54.65402244572019,43.692921924736055,43.37452432527026,0.9992145493929551,55.07864837646904
Joshua Smits,33.0,48.166285402414424,,,,50.36743038445271,,49.88641025946857,,47.12999170029563,,49.824817327552374,,43.98161673288877,,44.609408016151036,,,53.382822404845314
Jonas Krumrey,22.0,48.16301557662376,84.85137,Luca Petzold,24.0,47.27261346682568,43.887705690305424,47.372404424842216,46.27231382359704,55.8835158169408,54.86206870171563,46.05755181076932,49.981837850534795,46.079625982112624,47.909437757899326,46.05085803134086,43.73707448075528,0.9986592568228058,66.43043901954269
Martin Fraisl,32.0,48.13702180448243,,,,46.50191981421078,,39.27703875259981,,52.93885031009969,,47.29412979596971,,56.86701302205197,,45.747899583538356,,,21.724369875061505
Guillaume Dietsch,24.0,48.020461660394645,69.232765,Maximilian Weisbäcker,24.0,45.208073046337674,46.842607074229676,67.72389788308804,67.39076021898605,23.340836571651266,50.77472752504936,39.16540313585074,46.82245372648347,54.97797185271486,47.71193366016076,,42.344985075272,0.972245621168819,45.46141771533847
Menno Bergsen,26.0,47.95322875796426,69.88537,Rihards Matrevics,26.0,48.2498270216155,46.52031088956172,47.37544408239346,45.57918437950524,44.36214380826292,44.09221039704963,47.89518043094727,47.00811887839371,51.70337626634332,48.80110760297313,44.37353934796182,43.29145478898042,0.9998610774654295,80.63412666754252
Samuel Sahin-Radlinger,33.0,47.908061665015985,,,,47.77227200427415,,49.42504441745024,,52.29406459170315,,47.46630732731533,,44.566121913941295,,43.74812751936862,,,53.12443825581059
Zsombor Senkó,23.0,47.853878006347436,0.16633311,Andrea Hoxha,26.0,47.92811332526685,54.632190511818685,44.353349995109284,46.781928732438104,50.03322538580074,51.94897888011032,37.43438275124913,42.69658991973789,55.395129139356634,54.98302139277174,45.54652197758348,45.09052388771825,0.9983709255785004,51.56337736226963
Matej Kovar,25.0,47.83749692586316,52.94468,Andrija Katic,24.0,47.490206664336526,45.246200331557006,49.58999664006583,51.7338110413664,57.9550624279287,57.3644801484022,50.41897372891661,49.487108187905434,38.73190945851782,42.67767530386597,43.817939395290104,43.16268065050644,0.9990553162353387,73.72456802526125
Janis Blaswich,34.0,47.79978837331997,,,,54.0909693367313,,42.2959578343186,,46.64280815648533,,52.84901441149095,,43.28455806672081,,43.50143454941601,,,25.050430364824805
Daniel Schmidt,34.0,47.76651084379421,,,,47.134156216090524,,47.91554848961565,,54.66303106046327,,48.6634533828137,,43.967996550091755,,43.67509947349415,,,29.102529842048245
Daniel Klein,24.0,47.76457673026464,0.19412348,Fabian de Keijzer,25.0,52.02813805835352,50.10603685143083,53.8183119222744,47.51608865431524,33.09297937411424,40.740750040068384,32.54091144109493,45.85694801697373,54.23045350105987,62.03973063982812,46.566883557302155,46.390634748710504,0.9894113750409816,46.23926155624636
Lucas Hägg Johansson,31.0,47.603322429650305,,,,47.68662018705186,,46.51215057768862,,46.845796502255546,,48.12336672442898,,50.153660696770025,,42.49935941723576,,,23.416474491837395
Robin Himmelmann,37.0,47.51178774420779,,,,66.52646737304805,,32.679491924311236,,34.999999699999975,,,,41.33974596215562,,,,,16.333333333333332
Sonny Stevens,33.0,47.50836976267823,,,,49.9833955667611,,38.88735480348993,,54.1473622090136,,46.89807992699618,,48.09985489773673,,46.07993656705821,,,23.157314303450796
Ales Mandous,33.0,47.50289020776024,,,,48.51503784668584,,44.80522975598065,,52.54016874637016,,48.77556883639356,,44.76868146034543,,45.500288297887785,,,44.31675315603301
Jonathan Fischer,24.0,47.441448884984254,97.43656,Gasper Tratnik,26.0,49.04138598205726,50.43560985582375,44.89610195196333,49.29855708187071,46.38395717412369,47.24263753649173,49.36652878194385,50.039028123341225,48.0186221313416,49.434155990641024,45.03683638786303,45.125199792941864,0.9995817772368418,71.49598753853944
Vojtech Vorel,29.0,47.43022075755602,,,,50.17594488101045,,42.07163342494806,,40.15263250274205,,55.41773402058021,,50.768477853579704,,44.89493520156021,,,25.468480560468063
Thijmen Nijhuis,27.0,47.37842082916525,,,,50.56404286643352,,41.04489420206997,,44.79584706248238,,48.950690568642436,,51.239047049106624,,42.75947205526561,,,38.16117494991302
Kjetil Haug,27.0,47.301275095703645,,,,51.102084772559465,,42.347112828159595,,42.49938225329717,,42.773989015790946,,52.66031943405444,,46.33713943838651,,,20.567808498182618
Rémy Riou,38.0,47.14151537155675,,,,59.44402638804286,,28.208652921520322,,,,36.66576870839826,,,,,,,16.333333333333332
Maximilian Brüll,23.0,47.04538362357628,66.10114,Andrea Hoxha,26.0,50.90716112984803,54.632190511818685,42.12782285161965,46.781928732438104,50.50481752182894,51.94897888011032,43.42734804087758,42.69658991973789,46.04896269430982,54.98302139277174,44.3884148614775,45.09052388771825,0.9979697862471516,61.919330310457866
Justin Bijlow,28.0,47.02549924153563,,,,47.58203797156921,,56.31240991213513,,37.57112539868025,,45.70109962400777,,44.82710970224352,,46.34410309972637,,,20.569897596584575
Tino Casali,30.0,46.748569056374976,,,,40.3377916778022,,34.25290470725527,,45.31280707375997,,35.54238163149813,,74.72745693684726,,,,,16.333333333333332
Ofir Marciano,36.0,46.726832420058436,,,,43.70793176117692,,54.67356360976317,,52.74794017228425,,47.310873854368154,,39.46476105850067,,42.87019093546277,,,23.5277239473055
Jan-Christoph Bartels,27.0,46.691638403599185,,,,50.94431863535408,,39.60306280821196,,52.97015101863558,,47.16876660363164,,43.10734964136708,,44.07722019837305,,,18.556499392845247
Maarten Vandevoordt,24.0,46.685818677987214,97.049034,Patrik Gunnarsson,25.0,44.34886876986233,47.79913382597286,48.835886761214894,55.77736796942522,47.67093897995948,52.33638033197686,62.86618828921425,61.028847129485996,41.133581972912324,45.70604557326881,39.0000924857544,43.17785902927119,0.9981594966407529,50.935246962772666
Arthur Lyska,25.0,46.596523702028094,1.8264738,Patrik Gunnarsson,25.0,45.73411068198277,47.79913382597286,50.02648822160694,55.77736796942522,45.7215340199059,52.33638033197686,57.558743958182234,61.028847129485996,39.98187774910889,45.70604557326881,45.21025608971976,43.17785902927119,0.9983048827089144,54.1513660859777
Jeffrey de Lange,27.0,46.47038562728477,,,,47.75853994038777,,42.46837108097918,,42.02146414302675,,45.85936362767273,,52.88616891850819,,43.655193220993525,,,18.429891299631393
Marko Ilic,28.0,46.44826442658869,,,,47.608203016989734,,51.165449012354266,,49.441973167147005,,44.859307802325254,,39.796084284066254,,41.42540213806186,,,24.427620641418557
Patrik Carlgren,34.0,46.33391764109311,,,,46.185555671054495,,41.53295530882825,,41.79172607381366,,38.01797505986666,,59.043640330164784,,45.84750789838895,,,21.754252369516685
Lukas Hradecky,36.0,46.28836891008748,,,,47.00437685288772,,44.559133271337345,,43.12247994338134,,50.32302836947234,,48.37652998333915,,41.98496749662846,,,20.595490248988536
Matej Luksch,27.0,46.25257259392608,,,,42.34428568194795,,35.086509152508626,,61.817641469240215,,77.6728644840006,,36.14702364417845,,45.25295322436378,,,17.575885967309134
Elias Bördner,24.0,46.16458606417704,0.34876856,Fabian de Keijzer,25.0,48.71662541673887,50.10603685143083,42.66173857683543,47.51608865431524,34.550513273683784,40.740750040068384,44.44747257219724,45.85694801697373,55.90254492257969,62.03973063982812,44.18834982000118,46.390634748710504,0.9989927437090075,49.83702778476241
Simon Simoni,21.0,46.09985111435247,97.52267,Brent Gabriël,27.0,39.343825112443994,49.72605345178301,52.271376510907956,57.19437178251265,43.750397026726574,50.296485018336696,44.156449476957995,52.109707959126325,51.82111888366446,53.47851953621941,,44.60148909775798,0.9972185730440407,46.241522051229325
Vilem Fendrich,35.0,45.88260106358102,,,,38.777266768728296,,45.826341855062374,,46.3420471285519,,45.1944140708173,,56.98633917013857,,44.32272703115655,,,26.630151442680297
Lennart Moser,26.0,45.590518903434216,0.6465165,Fabian de Keijzer,25.0,42.89709418764525,50.10603685143083,56.57395481608369,47.51608865431524,29.237230990670366,40.740750040068384,33.139717812495576,45.85694801697373,56.03521627036893,62.03973063982812,,46.390634748710504,0.9865329321275901,45.8273654386132
Malte Brüning,21.0,45.495227166972995,45.006622,Maximilian Weisbäcker,24.0,37.860283526169134,46.842607074229676,59.50441778981276,67.39076021898605,38.30962463519899,50.77472752504936,45.497801123738796,46.82245372648347,48.85226860119669,47.71193366016076,43.391620465332664,42.344985075272,0.9941748588017338,46.80676395706331
Luca Plogmann,26.0,45.261755833966824,99.68173,Brent Gabriël,27.0,42.49628887194452,49.72605345178301,49.40483928260543,57.19437178251265,42.98529378775823,50.296485018336696,46.57174961510029,52.109707959126325,46.88847294025172,53.47851953621941,42.98475396276544,44.60148909775798,0.9992458165605622,66.86468936032216
Matus Macik,32.0,44.485069886892624,,,,47.966559308704745,,47.2024104838331,,46.231702628943395,,41.55781045318784,,36.46764058029867,,45.41110883589115,,,18.956665984100677
João Virgínia,26.0,44.24015807767767,0.32166266,Andrija Katic,24.0,45.70453371588441,45.246200331557006,38.890806464953954,51.7338110413664,72.41780796429542,57.3644801484022,31.628826929126166,49.487108187905434,31.125413911823127,42.67767530386597,,43.16268065050644,0.9698453802110579,45.26841730412879
Gauthier Gallon,32.0,44.234951954074454,,,,42.72088424415695,,45.768456396747055,,50.467141504124875,,42.736426160334055,,41.189537877788794,,43.667479685361265,,,22.433577238941712
Armin Olayo,23.0,43.59891534041969,49.82871,Matous Trmal,27.0,31.706425972759448,47.260051870133246,49.09654846173849,49.682929433036996,40.682441842082774,42.75705793864761,46.60149496453822,50.899266064812615,55.4351191981846,55.028738995062554,48.362764876819824,43.85371094262805,0.9907111626519757,48.2016626401319
Pape Sy,28.0,43.55119310791136,,,,19.24542683967892,,46.34793337135232,,42.02146414302675,,39.16386651497332,,78.94186054392935,,,,,16.333333333333332
Lennart Grill,27.0,43.32960771064485,,,,37.692612427930726,,50.52917869803172,,41.6001210357645,,50.312174851076236,,42.169771865669574,,44.21596458106154,,,26.598122707651797
Răzvan Sava,23.0,43.22131220804576,98.33452,Rihards Matrevics,26.0,45.620302596323846,46.52031088956172,42.68996398274588,45.57918437950524,37.372149750647935,44.09221039704963,44.73846105589732,47.00811887839371,43.709500203079486,48.80110760297313,43.5132004759323,43.29145478898042,0.998518426243508,68.3406141793965
Guillaume Hubert,32.0,42.01762857581522,,,,30.71198871715628,,56.49822004880614,,48.810495969122314,,40.24575810291004,,38.29118872623879,,,,,16.333333333333332
Vic Chambaere,23.0,41.690758049807144,95.08944,Hans Christian Bernat,25.0,43.17608926865419,52.040407699833295,38.17833475778108,45.34001704045558,42.239405340037536,46.115011965232675,37.176916564578015,47.65636037167391,43.0765644770807,51.025171333703526,48.66697929550197,45.56919851478268,0.9947764798406742,51.086839399354616
Etienne Green,25.0,40.58732179155077,8.487809,Fabian de Keijzer,25.0,42.45825278396661,50.10603685143083,30.956567253317825,47.51608865431524,34.69276265631687,40.740750040068384,30.607438834144972,45.85694801697373,54.469371119175975,62.03973063982812,,46.390634748710504,0.9913518600770507,45.95097231021142
Matus Chropovsky,23.0,35.564656152793766,0.22043441,Fabian de Keijzer,25.0,23.796229386352014,50.10603685143083,35.086509152508626,47.51608865431524,29.54284337378999,40.740750040068384,37.01992037622143,45.85694801697373,53.87533481347898,62.03973063982812,,46.390634748710504,0.9807797733261031,45.659230533294235
Marko Alcevski,23.0,35.38821605199068,0.06777976,Fabian de Keijzer,25.0,2.7375942812149034,50.10603685143083,44.639276706822095,47.51608865431524,30.842997134815942,40.740750040068384,37.182518068826795,45.85694801697373,73.97190524578363,62.03973063982812,,46.390634748710504,0.9072400230064089,43.42188876761047
