player_id,player_name,label,age,club,origin_median,current_median,step,save_pct_mean,save_pct_median,save_pct_std,save_pct_min,save_pct_max,psxg_delta_mean,psxg_delta_median,psxg_delta_std,psxg_delta_min,psxg_delta_max,catches_mean,catches_median,catches_std,catches_min,catches_max,long_pass_acc_mean,long_pass_acc_median,long_pass_acc_std,long_pass_acc_min,long_pass_acc_max,sweeper_actions_mean,sweeper_actions_median,sweeper_actions_std,sweeper_actions_min,sweeper_actions_max,errors_mean,errors_median,errors_std,errors_min,errors_max,matches_count,shot_stopping_consistency,distribution_consistency,overall_consistency,overall_performance_variance,player_name_from_matches,matches_count_from_matches,shot_stopping_score,handling_score,distribution_score,sweeping_score,reliability_score,consistency_score,current_score,current_rank,success_probability,potential_score,potential_rank
3863.0,Luca Plogmann,PLAYS,26.0,Go Ahead Eagles Deventer,0.433012,0.6917069149999999,0.2586949149999999,0.7383865311111111,0.8525916,0.2230613812730059,0.35412467,0.9485598,-0.2009264921666666,-0.0980069624999999,0.7176117055792159,-1.8977413,1.2753642,0.0538512425555555,0.048809525,0.0610953803271843,0.0,0.2,0.2766245035294117,0.25,0.1595331339363353,0.0,0.5,0.5,0.0,0.7071067811865476,0.0,2.0,10.0,10.0,5.357787076110918,1.0,20.0,18,0.4703365434261109,0.1595331339363353,1.0854962464874172,1.0854962464874172,Luca Plogmann,18,42.49628887194452,49.40483928260543,42.98529378775823,46.57174961510029,46.88847294025172,42.98475396276544,45.26175583396682,205,0.99681735,99.68173,1
81122.0,Nahuel Noll,PLAYS,22.0,SpVgg Greuther Fürth,0.405667995,0.710514535,0.3048465399999999,0.8537092640000001,0.872811375,0.0842292471285518,0.6536422,0.955005,0.2220521669473684,0.19632363,0.7362583215638396,-1.6298897,2.4557672,0.063242241368421,0.0625,0.0679898738598836,0.0,0.2,0.3792856618947368,0.4,0.1795439823297211,0.0,0.7777778,1.5789473684210529,1.0,1.0173926082384548,0.0,4.0,11.31578947368421,12.0,5.657371116801193,3.0,22.0,19,0.4102437843461957,0.1795439823297211,1.2917912920943733,1.2917912920943733,Nahuel Noll,19,51.5920152408203,45.409912337772646,48.20837169922371,52.97484993913229,51.20643435218586,43.86866726952779,49.52304802251096,116,0.9966876,99.66876,2
106592.0,Antonín Kinský,PLAYS,22.0,SK Slavia Prag,0.345279435,0.528078685,0.1827992499999999,0.7020924914285713,0.80931234,0.2617787574079404,0.14968711,0.9551102,0.1854201260588235,0.123675436,0.4293671920047987,-0.49441987,1.0376475,0.1807620517647059,0.16666667,0.1770594296216765,0.0,0.5714286,0.7049137176470588,0.71428573,0.2296127228281256,0.27272728,1.0,1.8235294117647056,1.0,2.32473907454275,0.0,9.0,6.235294117647059,4.0,4.548755485909111,1.0,15.0,17,0.3455729747063695,0.2296127228281256,1.1597301054881604,1.1597301054881604,Antonín Kinský,17,43.88956889118265,57.8776697901874,60.35235746821191,55.89609792197286,42.20821821876776,41.58126902694448,49.90557513292213,91,0.9965725,99.65725,3
31713.0,Fabian de Keijzer,PLAYS,25.0,Heracles Almelo,0.433012,0.6917069149999999,0.2586949149999999,0.8429581389743591,0.8655759,0.1312223540875632,0.46082398,0.99383634,0.0303605623275862,0.101049455,0.8235533910579048,-2.8029184,1.565773,0.0515373759999999,0.036375662,0.0610521876097869,0.0,0.25,0.3449620592413793,0.33333334,0.1963669039676126,0.0,1.0,0.7237606620689655,0.0,1.0046457142731753,0.0,4.0,13.258620689655173,13.0,4.544363560432746,4.0,24.0,58,0.477387872572734,0.1963669039676126,0.7514141034719396,0.7514141034719396,Fabian de Keijzer,58,50.312390773042,47.2856606190361,48.25068085200222,48.65922955082989,55.86218242172449,43.61645664764658,50.00763375533037,82,0.9962806,99.62806,4
49611.0,Diant Ramaj,PLAYS,24.0,1. FC Heidenheim 1846,0.433012,0.82647051,0.39345851,0.8371772085714285,0.859239335,0.1216900928109892,0.5518072,0.9975893,-0.3192651828571429,-0.41366947,0.503886804770336,-1.124199,0.5323205,0.0881265404761904,0.09090909,0.0767116487850648,0.0,0.25,0.418446749047619,0.3888889,0.1414028084983714,0.23076923,0.78571427,0.9523809523809524,1.0,1.023532631438318,0.0,3.0,15.61904761904762,16.0,4.104585124908368,7.0,22.0,21,0.3127884487906626,0.1414028084983714,0.6205841578474806,0.6205841578474806,Diant Ramaj,21,46.63439808036352,50.8895251312649,47.15766636899145,46.996515741606096,61.68274375782749,46.3456936294429,50.595359412909005,61,0.9956625,99.56625,5
83010.0,Jan Olschowsky,PLAYS,24.0,Alemannia Aachen,0.37057419,0.557671055,0.187096865,0.8882497271428571,0.93806225,0.1130041815639371,0.6101722,0.9926293,0.0433513092592592,0.11293733,0.6562822750066958,-1.3352196,1.2474549,0.1026324938148148,0.083333336,0.1025138305940683,0.0,0.30769232,0.3628667666666666,0.4,0.2012316919257435,0.0,0.8,2.1634653259259258,2.0,1.886591898545072,0.0,7.993732,13.851851851851851,14.0,4.391457649220847,6.0,23.0,27,0.3846432282853164,0.2012316919257435,0.8512272582780255,0.8512272582780255,Jan Olschowsky,27,50.79444590134109,52.0223570761222,46.327427895374576,56.018502337396605,51.13298432769778,44.37419093276056,50.6390760158502,59,0.99457633,99.457634,6
47231.0,Filip Stanković,PLAYS,24.0,Venezia FC,0.6917069149999999,0.82,0.128293085,0.881434445,0.91245545,0.0799873206133849,0.76285243,0.93797445,0.3164992966666667,0.07650256,0.9700798766544632,-1.248455,2.0846944,0.0802509062666666,0.11111111,0.0664412282904881,0.0,0.1764706,0.3715873066666667,0.33333334,0.1889510963869456,0.0,0.75,0.9333333333333332,1.0,0.7988086367179803,0.0,2.0,10.6,11.0,4.256088076424842,3.0,18.0,15,0.5250335986339241,0.1889510963869456,0.8220502111718616,0.8220502111718616,Filip Stanković,15,53.49215127249493,47.61747318766595,48.25778374004689,49.51121364127734,50.98792190704874,44.47893275316724,50.18245996348455,78,0.9943824,99.43824,7
126428.0,Justin Heekeren,PLAYS,25.0,FC Schalke 04,0.34851325,0.710514535,0.3620012849999999,0.860661185,0.87406055,0.0849517945136964,0.7261696,0.95871085,-0.0708188818260869,0.06446886,0.8147604695474087,-1.580609,1.6780338,0.15730244,0.125,0.1246691953782751,0.0,0.44444445,0.479059412173913,0.42857143,0.1446929127823912,0.25,0.73333335,1.608695652173913,2.0,1.1575495447783652,0.0,4.0,13.565217391304348,13.0,5.025626030262044,4.0,21.0,23,0.4498561320305525,0.1446929127823912,0.9399108463416984,0.9399108463416984,Justin Heekeren,23,49.62744160665435,54.85086182092456,54.32368918213132,51.0667898401093,53.09501459610106,45.79094723094936,52.02218748827953,31,0.9942275,99.42275,8
105636.0,Tom de Graaff,PLAYS,21.0,PEC Zwolle,0.433012,0.6917069149999999,0.2586949149999999,0.854549643125,0.8734403,0.0968026351273944,0.6833399,0.9898923,-0.0006862889565217,0.09641777,1.171496280039064,-2.4537709,2.5796285,0.0796223774782608,0.083333336,0.064990681372509,0.0,0.2,0.3575383018181818,0.3,0.1231141554111072,0.16666667,0.6,0.5217391304347826,0.0,0.897955517089759,0.0,4.0,14.304347826086955,15.0,4.425492089830707,7.0,21.0,23,0.6341494575832293,0.1231141554111072,0.6552116639874621,0.6552116639874621,Tom de Graaff,23,48.57016367240151,50.48949884361237,50.83541183922868,42.314589314954986,50.29841341476383,44.692787430005566,48.82004163227577,147,0.9929367,99.29367,9
50129.0,Franco Israel,PLAYS,25.0,FC Turin,0.622191505,0.82,0.1978084949999999,0.84849279,0.86609253,0.1380467398562158,0.6644066,0.9973795,-0.44227541,-0.47756982,1.188621293561931,-2.5871122,1.041312,0.0795773911111111,0.1,0.0525181100665826,0.0,0.14285715,0.3763227577777777,0.375,0.1393911057900127,0.11111111,0.5555556,1.2222222222222223,1.0,1.2018504251546631,0.0,3.0,11.666666666666666,11.0,6.837397165588672,4.0,23.0,9,0.6633340167090733,0.1393911057900127,1.6590203664661345,1.6590203664661345,Franco Israel,9,46.201298665793054,45.17719389725665,47.17591999287965,47.998395592130606,56.16257542375722,43.692921924736055,48.1892171183225,167,0.9895808,98.958084,10
43239.0,Jari De Busser,PLAYS,26.0,Go Ahead Eagles Deventer,0.34851325,0.6917069149999999,0.3431936649999999,0.8613101595454545,0.89122224,0.1026804183475237,0.64698946,0.9990796,0.3762402492195122,0.3649032,0.9843079518233132,-1.3089322,3.1005743,0.0899528308536585,0.071428575,0.0960009513910955,0.0,0.5,0.2836224464878049,0.2857143,0.154379079983236,0.0,0.6,1.0,1.0,1.095445115010332,0.0,5.0,14.121951219512194,13.0,6.029905148305484,3.0,32.0,41,0.5434941850854185,0.154379079983236,1.6236762362878818,1.6236762362878818,Jari De Busser,41,53.29671316911227,53.875566680283626,43.93754182973297,49.82987938781718,53.17137076082873,43.81289651689744,51.16266547804269,49,0.9891894,98.91894,11
57792.0,Nediljko Labrovic,PLAYS,26.0,FC Augsburg,0.507882825,0.82647051,0.318587685,0.89135245,0.8823324,0.0842853090298362,0.7717703,0.9919958,-0.6598582487692308,-0.59199464,0.8745256578186074,-1.9673672,0.3811572,0.1232296389230769,0.1,0.0786497649577904,0.0,0.2857143,0.3404761966666667,0.33333334,0.1426622102599004,0.16666667,0.6666667,1.1538461538461535,1.0,1.281025230440697,0.0,4.0,8.692307692307692,9.0,3.923956663552224,3.0,16.0,13,0.4794054834242218,0.1426622102599004,0.4557816794461394,0.4557816794461394,Nediljko Labrovic,13,46.73404601456253,59.47113517515368,45.26526597258421,52.22421116478106,42.729374156444806,45.10348839787775,48.72770110294808,154,0.9837346,98.37346,12
66170.0,Răzvan Sava,PLAYS,23.0,Udinese Calcio,0.456571,0.82,0.3634289999999999,0.820713534,0.853067125,0.1279026309571278,0.63659245,0.9696598,-0.1827220615263158,-0.16447234,1.0225436172191449,-3.1432216,2.0436814,0.0502715128947368,0.027777778,0.0623233564657963,0.0,0.2,0.2075757593333333,0.125,0.2639668970468097,0.0,0.75,0.6842105263157895,0.0,0.8200698871944031,0.0,2.0,8.052631578947368,6.0,4.551845586749844,1.0,16.0,19,0.5752231240881364,0.2639668970468097,0.7341557156417541,0.7341557156417541,Răzvan Sava,19,45.620302596323846,42.68996398274588,37.372149750647935,44.73846105589732,43.709500203079486,43.5132004759323,43.22131220804576,212,0.9833452,98.33452,13
104004.0,Dennis Seimen,PLAYS,20.0,SC Paderborn 07,0.405667995,0.710514535,0.3048465399999999,0.8098250377777778,0.8240811,0.1441722889666517,0.5152962,0.98262155,0.1370822820555555,-0.015500307,0.905024393475498,-1.4819226,2.972386,0.0935417366666666,0.10882353,0.0842967038316283,0.0,0.23076923,0.4767055533333333,0.472222225,0.2672468133642639,0.1,1.0,1.2222222222222223,1.0,1.262842524557225,0.0,5.0,9.055555555555555,9.5,3.917865899008589,2.0,15.0,18,0.5245983412210748,0.2672468133642639,0.4668438208487176,0.4668438208487176,Dennis Seimen,18,47.67579178675578,51.14545011209168,53.77796689530042,48.23064480744419,44.926476411178,45.46285042920332,48.68002487718032,155,0.98307526,98.307526,14
27683.0,Zion Suzuki,PLAYS,23.0,Parma Calcio 1913,0.614975735,0.82,0.2050242649999999,0.8342152648275862,0.9006748,0.1527394159134148,0.37900335,0.99674296,0.1471693892083333,0.14507217,0.8186262254245176,-1.9242857,1.9982731,0.1094541841666666,0.1081871349999999,0.087050945167502,0.0,0.42857143,0.370964863125,0.35714287,0.2204984822501066,0.0,1.0,0.8333333333333334,1.0,0.833687867845579,0.0,3.0,12.4375,12.5,5.081908880759318,3.0,25.0,48,0.4856828206689662,0.2204984822501066,1.0128724414017836,1.0128724414017836,Zion Suzuki,48,49.23130953027035,51.01386411441528,47.878598642717975,47.11400954630594,57.25535092285529,43.65893020571806,50.49937312785942,67,0.98128945,98.128944,15
13289.0,Patrik Gunnarsson,PLAYS,25.0,KV Kortrijk,0.5777367099999999,0.67107149,0.09333478,0.8104519825000001,0.803761215,0.138488724138376,0.6509272,0.9833583,-0.3901636028571428,-0.26287097,1.06345495656982,-2.2319427,1.3505781,0.164797276,0.083333336,0.1458185281781334,0.0,0.3846154,0.4530612257142857,0.42857143,0.2790550471974573,0.14285715,1.0,1.4285714285714286,1.0,1.2724180205607036,0.0,3.0,10.714285714285714,10.0,2.9277002188456,6.0,15.0,7,0.6009718403540981,0.2790550471974573,0.3639140140117816,0.3639140140117816,Patrik Gunnarsson,7,46.66517225695116,58.92145236886565,53.93507398050961,67.00343383527105,54.3080360400286,44.47970988751976,53.66003933384373,15,0.98030055,98.03005,16
52669.0,Andrija Katic,PLAYS,24.0,AS Trencin,0.34917809,0.528078685,0.178900595,0.8296395875,0.86249739,0.1328046548624071,0.6169576,0.9752797,0.3910368106666667,0.40441608,1.0368088715129284,-1.8438869,2.6946712,0.1770292693333333,0.1388889,0.1276704512341722,0.0,0.4,0.489393942,0.5,0.2491017591975764,0.09090909,1.0,1.2,1.0,1.567527625639452,0.0,4.0,8.4,7.0,5.408987230262507,2.0,22.0,15,0.5848067631876678,0.2491017591975764,1.3445125007836067,1.3445125007836067,Andrija Katic,15,51.126325618871945,59.28896606159573,54.64298290265995,49.41314906380915,45.02548781456462,42.96357819810309,51.48672971257872,39,0.97801,97.801,17
115577.0,Simon Simoni,BENCH,21.0,1. FC Kaiserslautern,0.405667995,0.710514535,0.3048465399999999,0.8026842,0.8026842,,0.8026842,0.8026842,-0.752378,-0.752378,,-0.752378,-0.752378,0.14285715,0.14285715,,0.14285715,0.14285715,0.33333334,0.33333334,,0.33333334,0.33333334,1.0,1.0,,1.0,1.0,13.0,13.0,,13.0,13.0,1,,,,,Simon Simoni,1,39.343825112444,52.27137651090796,43.750397026726574,44.156449476958,51.82111888366446,,46.09985111435247,201,0.97522664,97.52267,18
126501.0,Paul Argney,BENCH,19.0,Le Havre AC,0.34851325,0.7712210150000001,0.422707765,0.9887915,0.9887915,,0.9887915,0.9887915,-0.13543403,-0.13543403,,-0.13543403,-0.13543403,0.11764706,0.11764706,,0.11764706,0.11764706,1.0,1.0,,1.0,1.0,0.0,0.0,,0.0,0.0,5.0,5.0,,5.0,5.0,1,,,,,Paul Argney,1,58.16711404940749,52.603422630640814,81.65802163106142,39.16386651497332,39.85832310579761,,54.60757325826648,10,0.9751291,97.51291,19
180229.0,Jonathan Fischer,PLAYS,24.0,FC Metz,0.5777367099999999,0.7712210150000001,0.1934843050000001,0.8276188980000001,0.85632133,0.1191990450493061,0.6044705,0.97098523,0.0402254623333333,0.20288444,0.6597213430116734,-1.265943,1.4501071,0.0674714845714285,0.0,0.0961430236187662,0.0,0.33333334,0.3770436515,0.3875,0.1643967229555552,0.0,0.6363636,0.7619047619047619,0.0,1.0910894511799618,0.0,4.0,7.714285714285714,7.0,4.291186981976632,2.0,19.0,21,0.3894601940304897,0.1643967229555552,0.4744252828625828,0.4744252828625828,Jonathan Fischer,21,49.04138598205726,44.89610195196333,46.38395717412369,49.36652878194385,48.0186221313416,45.03683638786303,47.441448884984254,183,0.97436565,97.43656,20
104207.0,Tom Ritzy Hülsmann,PLAYS,21.0,TSV Hartberg,0.28719256,0.6016963049999999,0.3145037449999999,0.873867714,0.86810035,0.0789057499484245,0.7108057,0.983309,0.3135681540526316,0.37330648,0.6942517385890858,-1.3663259,1.5201033,0.1202371699999999,0.10810811,0.0712921721815963,0.0,0.3,0.3287037105555555,0.2857143,0.1196747426746487,0.16666667,0.5714286,0.4365325736842105,0.0,0.6260143172607225,0.0,2.0,14.31578947368421,14.0,5.725698711161297,3.0,25.0,19,0.3865787442687551,0.1196747426746487,1.162772828025803,1.162772828025803,Tom Ritzy Hülsmann,19,53.60841994566204,55.19333268784277,47.49344294132396,42.16331068500556,58.05433694450032,45.48051523554128,52.34643318164344,26,0.97402996,97.40299,21
30228.0,Maarten Vandevoordt,PLAYS,24.0,RasenBallsport Leipzig,0.67107149,0.82647051,0.15539902,0.786521625,0.786521625,0.254760991964628,0.6063784,0.96666485,0.2404343561428571,0.007278323,1.1208906311467846,-1.300684,2.0172617,0.0637806628571428,0.0,0.088458221905402,0.0,0.22222221,0.4080937733333333,0.477272735,0.2078226668845905,0.0,0.5555556,2.062883157142857,1.9387034,1.790550675051276,0.0,5.5014787,8.0,9.0,3.741657386773941,1.0,11.0,7,0.6878258115557063,0.2078226668845905,0.2769106527508885,0.2769106527508885,Maarten Vandevoordt,7,44.34886876986233,48.835886761214894,47.67093897995948,62.86618828921425,41.13358197291232,39.0000924857544,46.685818677987214,193,0.97049034,97.049034,22
27748.0,Kosei Tani,PLAYS,25.0,Machida Zelvia,0.34851325,0.614975735,0.266462485,0.8124980603389831,0.8074356,0.0970507948219707,0.5175993,0.99281234,-0.3830945850747126,-0.0354877705,1.0326949069371465,-4.0,1.7970037,0.163054318122807,0.14285715,0.127754164071535,0.0,0.5,0.3828918670884955,0.36363637,0.2346758670966797,0.0,1.0,0.9503174885057472,0.0,1.2737834598554567,0.0,7.0,11.557471264367816,12.0,4.544529384409247,2.0,24.0,174,0.5648728508795585,0.2346758670966797,1.652967204199099,1.652967204199099,Kosei Tani,174,50.25721731574434,50.161749678144986,49.6885521795024,50.286076883423824,50.38131508694558,41.77887286573855,49.75661230629608,97,0.96837574,96.83758,23
28572.0,Miso Dubljanic,PLAYS,26.0,FK Rudar Prijedor,0.34917809,0.536591375,0.1874132849999999,0.7924309028571429,0.85313237,0.1693424001559009,0.45303082,0.95933956,-0.0805712666333333,0.11372375,1.0681610402642212,-3.0327868,1.2233553,0.1148340569999999,0.125,0.0829038091178222,0.0,0.25,0.2689225633333333,0.27272728,0.2124421165069306,0.0,0.6666667,1.2,1.0,1.5212776585113297,0.0,5.0,11.066666666666666,9.0,6.0647301985292295,4.0,23.0,15,0.6187517202100611,0.2124421165069306,1.5885769271036152,1.5885769271036152,Miso Dubljanic,15,50.0,50.0,50.0,50.0,50.0,44.91285297449394,49.7456426487247,98,0.96661747,96.66174,24
106574.0,Mio Backhaus,PLAYS,21.0,SV Werder Bremen,0.6917069149999999,0.82647051,0.1347635950000001,0.8682336442857144,0.85237557,0.0964026916003721,0.7230924,0.9926323,-0.0476098378947368,0.0,0.9940242704565172,-1.8013785,1.9918684,0.1036943982105263,0.05263158,0.1734936166443039,0.0,0.75,0.4651211368421052,0.5,0.2874452117274939,0.0,1.0,1.5263157894736843,2.0,1.1239029738980326,0.0,4.0,7.444444444444445,6.5,4.553243475127466,2.0,19.0,19,0.5452134810284447,0.2874452117274939,0.7505465081100458,0.7505465081100458,Mio Backhaus,19,50.79893227256071,53.106030815741136,50.501481824987295,54.30232073488969,39.62473166514211,39.272665981422506,48.75491982425305,151,0.9609512,96.09512,25
53675.0,Vic Chambaere,PLAYS,23.0,Royale Union Saint Gilloise,0.34851325,0.67107149,0.32255824,0.7087874,0.7087874,,0.7087874,0.7087874,0.198055318,0.0,0.7229752972433323,-0.46962565,1.4207886,0.01,0.0,0.0223606797749979,0.0,0.05,0.25,0.25,0.25,0.0,0.5,0.0,0.0,0.0,0.0,0.0,7.0,5.0,4.183300132670378,3.0,12.0,5,0.7229752972433323,0.25,0.5838356673148002,0.5838356673148002,Vic Chambaere,5,43.17608926865419,38.17833475778108,42.239405340037536,37.176916564578015,43.0765644770807,48.66697929550197,41.69075804980714,214,0.9508944,95.08944,26
114308.0,Markus Ponath,PLAYS,25.0,FC Ingolstadt 04,0.28719256,0.557671055,0.270478495,0.8242262250000001,0.8242262250000001,0.0426148154730399,0.794093,0.85435945,0.1093512237499999,-0.08402863,0.533362408806338,-0.49273324,0.8407779,0.085352183875,0.0669642875,0.0706806768592005,0.0,0.16666667,0.607308135,0.703296715,0.2517974643373716,0.0,0.75,1.125,1.0,1.6420805617960923,0.0,5.0,10.875,9.5,4.356850107261306,6.0,18.0,8,0.2879886121396889,0.2517974643373716,0.7117808966902393,0.7117808966902393,Markus Ponath,8,46.98996313389221,49.2113173808291,62.053016218197016,50.44065802529692,45.575309503594966,44.290448865448894,49.62085499558416,113,0.9502512,95.02512,27
2463.0,Radoslaw Majecki,PLAYS,26.0,AS Monaco,0.67107149,0.7712210150000001,0.100149525,0.8504332614999999,0.874559255,0.1121212776538684,0.5753345,0.9917195,0.1800371484428571,0.09834401,0.845933704086339,-1.3259474,2.1968246,0.1006160933142857,0.09090909,0.093072109581214,0.0,0.4,0.2881769388235294,0.25,0.2511057997554456,0.0,1.0,0.5142857142857142,0.0,0.8178676928606546,0.0,3.0,8.742857142857142,8.0,5.15833338989877,1.0,24.0,35,0.4790274908701037,0.2511057997554456,0.7510514712342792,0.7510514712342792,Radoslaw Majecki,35,52.53810062726668,50.35250449791379,41.6974866767177,45.49679925458251,50.91071849446937,44.975728529321295,49.0671641400886,142,0.9334581,93.34581,28
4579.0,Hans Christian Bernat,PLAYS,25.0,Karlsruher SC,0.6607162449999999,0.710514535,0.04979829,0.9001041000000001,0.90140176,0.0568204461719353,0.7938621,0.9839573,0.0057386635294117,0.31244418,1.122873303305151,-1.9400243,1.9103528,0.087424212117647,0.07692308,0.0674130682134532,0.0,0.18181819,0.3100814305882353,0.33333334,0.2062956538168914,0.0,0.71428573,1.6470588235294117,1.0,1.2718675476729209,0.0,4.0,13.588235294117649,13.0,5.579637348535877,4.0,22.0,17,0.5898468747385431,0.2062956538168914,1.0804505528612922,1.0804505528612922,Hans Christian Bernat,17,53.22620239812502,49.98743435008466,44.25189475656755,53.88068659879887,57.520322512645166,44.75579151184888,51.73305454094093,35,0.9273165,92.73165,29
44820.0,Tobias Lawal,PLAYS,25.0,KRC Genk,0.6016963049999999,0.67107149,0.069375185,0.8941086025,0.95965168,0.1241331366263682,0.6715635,0.99777776,-0.1102238049230769,-0.32016295,0.8396054416149227,-1.2569269,1.8406882,0.051136962076923,0.055555556,0.0548553521554712,0.0,0.1875,0.4037698425,0.3809523849999999,0.3387187990560443,0.0,1.0,1.4615384615384617,1.0,1.7614096918559583,0.0,5.0,6.307692307692308,5.0,4.090326298813975,2.0,15.0,13,0.4818692891206454,0.3387187990560443,0.6411357858140597,0.6411357858140597,Tobias Lawal,13,52.24076766934848,46.031271858146496,50.67392330059263,56.13626980138709,41.24760023469008,43.2884215048833,48.50714126984363,159,0.9219058,92.19058,30
117339.0,Maximilian Weisbäcker,PLAYS,24.0,1. FC Schweinfurt 05,0.28719256,0.557671055,0.270478495,0.8571539916666667,0.87023415,0.1361690610258307,0.6836786,0.9894621,-0.1058756905714285,-0.14179504,0.5777195548768975,-0.6963968,1.0176969,0.1471568088571428,0.17391305,0.0938595304079695,0.0,0.2647059,0.4629775014285714,0.46153846,0.3267027656769827,0.07692308,1.0,1.0,1.0,0.8164965809277259,0.0,2.0,13.142857142857142,13.0,6.792853387410709,2.0,24.0,7,0.3569443079513641,0.3267027656769827,1.2891451004428809,1.2891451004428809,Maximilian Weisbäcker,7,47.60984798159917,60.04289829236513,52.13752604257154,48.7852939815415,52.104979210866645,43.19939047439177,51.57165772338558,37,0.9032699,90.32699,31
53364.0,Taishi Brandon Nozawa,PLAYS,23.0,Royal Antwerpen FC,0.614975735,0.67107149,0.0560957549999999,0.8977399399999999,0.9326925,0.0740513805704053,0.7767415,0.9553833,0.1815216705454545,-0.05287206,0.9663499780633285,-1.3337084,1.3813536,0.1237181632727272,0.14285715,0.1091618333663052,0.0,0.26666665,0.2843204827272727,0.36363637,0.2352424374879518,0.0,0.5555556,0.9090909090909092,0.0,1.2210278829367864,0.0,3.0,14.909090909090908,17.0,7.542606253206453,4.0,25.0,11,0.5202006793168669,0.2352424374879518,2.064949599622334,2.064949599622334,Taishi Brandon Nozawa,11,54.87796311947553,59.88683091945504,44.12193785273165,48.96981570709083,63.97109536742207,40.53049003022094,54.77677094334796,9,0.89880073,89.88007,32
133147.0,Gasper Tratnik,PLAYS,26.0,Motor Lublin,0.383098135,0.6288633,0.245765165,0.93480104,0.93480104,,0.93480104,0.93480104,-0.0167215916666666,-0.187588215,0.5650637350726556,-0.5578771,1.0493457,0.0399844725,0.02173913,0.0510389109847353,0.0,0.125,0.263636365,0.190909095,0.3731040220936774,0.0,1.0,1.1666666666666667,1.0,0.752772652709081,0.0,2.0,8.5,7.5,5.394441583704471,2.0,17.0,6,0.5650637350726556,0.3731040220936774,0.9869132988830254,0.9869132988830254,Gasper Tratnik,6,48.23223304703363,51.76776695296637,51.76776695296637,51.76776695296637,48.23223304703363,44.79521225475383,49.65137226508937,108,0.89347816,89.34782,33
63983.0,Luca Petzold,PLAYS,24.0,Bahlinger SC,0.28719256,0.405667995,0.1184754349999999,0.927731684,0.9745725,0.0684744948239746,0.8342,0.97997147,-0.4123550474466666,-0.03802859852,1.1431870666088588,-3.7301092,1.1214342,0.0940340272222222,0.09090909,0.0864772025793747,0.0,0.25,0.4102152488888889,0.4,0.3244197214171826,0.0,1.0,0.8333333333333334,1.0,0.985184366143778,0.0,4.0,12.166666666666666,12.0,4.681000395843003,3.0,25.0,18,0.6058307807164167,0.3244197214171826,0.9142200021747138,0.9142200021747138,Luca Petzold,18,51.82945462632038,52.53799042114605,50.40597941016682,49.17967119833681,54.92845554411655,45.03882258259768,51.77293074143722,34,0.8934336,89.34335,34
171996.0,Jesper Heim,PLAYS,26.0,TSV Steinbach Haiger,0.26403716,0.405667995,0.141630835,0.8216946761538462,0.87327063,0.2042913363845124,0.19234519,0.99617255,0.3158538919722222,0.27482408,1.0208438831785236,-2.3570876,3.6675935,0.06816146475,0.016129032,0.0842580578264485,0.0,0.30769232,0.4394659825,0.5,0.2132659794924239,0.0,0.75,0.8333333333333334,1.0,0.9710083124552245,0.0,4.0,9.305555555555555,8.0,4.521816603625737,3.0,21.0,36,0.612567609781518,0.2132659794924239,0.9432269304753794,0.9432269304753794,Jesper Heim,36,52.67468517807888,46.90440498044102,50.09282933109076,48.10695944494364,48.17199076095813,43.72442055592812,49.32852607365788,127,0.89008087,89.00809,35
5911.0,Maduka Okoye,PLAYS,26.0,Udinese Calcio,0.6917069149999999,0.82,0.128293085,0.8707205468181818,0.8650263,0.0869269890359551,0.68621504,0.99038446,0.1052925133809523,0.13135564,0.7126497319831422,-1.2431805,1.9426411,0.0621368979523809,0.04,0.0926454127597269,0.0,0.6,0.4013030919354838,0.4,0.2708755411377654,0.0,1.0,0.6507936507936508,0.0,0.8643239043159344,0.0,4.0,8.904761904761905,9.0,4.286942988229701,1.0,20.0,63,0.3997883605095486,0.2708755411377654,0.7646389296648037,0.7646389296648037,Maduka Okoye,63,51.57580906813615,47.33627567102256,51.39337028986046,47.55508913192603,48.81325142644589,43.89119622791523,49.36172240800196,125,0.88892627,88.892624,36
103168.0,Mohamed Koné,PLAYS,24.0,RSC Charleroi,0.61397649,0.67107149,0.057095,0.7204462899999999,0.70868087,0.1553770601839846,0.474594,0.94038427,-0.0365872366666666,0.0,0.7558667574059837,-2.3787837,0.8951108,0.1380107549047619,0.09090909,0.1115088977278259,0.0,0.375,0.3678030348,0.33333334,0.1901697936517455,0.0,0.75,1.0,1.0,0.8366600265340756,0.0,3.0,9.61904761904762,9.0,3.734651127966178,2.0,16.0,21,0.4556219087949841,0.1901697936517455,0.6311317799830516,0.6311317799830516,Mohamed Koné,21,43.77188319477759,56.0681154757057,48.7169954513537,56.93750623009098,50.051032168834965,43.13006948020255,49.5131979020637,117,0.88191646,88.19164,37
4611.0,Rihards Matrevics,PLAYS,26.0,FK Dukla Prag,0.17575453,0.528078685,0.352324155,0.8639261075,0.8445398,0.0677341687930944,0.78082144,0.9616084,0.366910139375,0.43856735,0.9664757327657824,-1.2095551,2.4420824,0.09122341075,0.083333336,0.0793480944895334,0.0,0.27272728,0.325534365,0.2857143,0.1371796613088231,0.11111111,0.5,1.0,1.0,0.8944271909999159,0.0,3.0,15.75,15.5,3.5496478698597698,11.0,24.0,16,0.5171049507794385,0.1371796613088231,0.5821124011360531,0.5821124011360531,Rihards Matrevics,16,52.46904360456334,48.97807920855198,44.43381792362055,46.914779012375504,66.7994042747635,45.84255703463489,52.54488821954447,24,0.87021786,87.02179,38
78816.0,Jonas Krumrey,PLAYS,22.0,Holstein Kiel,0.6607162449999999,0.710514535,0.04979829,0.8137613290000001,0.80728578,0.0968346530645202,0.68850845,0.95029414,0.0525394938235294,-0.09238088,0.9791773605694996,-1.485844,1.9403535,0.0736096248823529,0.0625,0.0629455402921549,0.0,0.23076923,0.513534504117647,0.5,0.3494196408322985,0.0,1.0,1.0588235294117647,1.0,1.0289915108550531,0.0,3.0,9.470588235294118,10.0,5.789188706749241,1.0,20.0,17,0.5380060068170099,0.3494196408322985,1.1343521345830263,1.1343521345830263,Jonas Krumrey,17,47.27261346682568,47.372404424842216,55.8835158169408,46.05755181076932,46.079625982112624,46.05085803134086,48.16301557662376,169,0.8485137,84.85137,39
66027.0,Klemen Mihelak,BENCH,24.0,FK Jablonec,0.383098135,0.528078685,0.1449805499999999,0.8848182133333333,0.8830127,0.1099623175921534,0.77576977,0.99567217,1.096856025,0.9515941,0.4496887873291288,0.7634914,1.7207445,0.01136363675,0.0,0.0227272735,0.0,0.045454547,0.333333335,0.41666667,0.2357022603955158,0.0,0.5,0.0,0.0,0.0,0.0,0.0,8.75,8.5,2.06155281280883,7.0,11.0,4,0.2798255524606411,0.2357022603955158,0.1431966376248184,0.1431966376248184,Klemen Mihelak,4,60.827841307362775,42.36211664490559,46.58556069208174,38.03484761557815,46.44833998134262,47.05835925809241,49.15468054573317,134,0.8317441,83.17441,40
26593.0,Vitezslav Jaros,PLAYS,24.0,Ajax Amsterdam,0.6016963049999999,0.6917069149999999,0.0900106099999999,0.8543211822222223,0.8497749,0.0617599679656105,0.73554826,0.9271657,0.1796360619473684,0.012110472,0.6161903560117116,-0.84481966,1.2765877,0.0834355176842105,0.083333336,0.076399953324371,0.0,0.2,0.4177849736842105,0.42857143,0.1711706606617186,0.16666667,0.8,0.7368421052631579,0.0,1.2401659953032227,0.0,4.0,10.473684210526317,10.0,5.167939854446962,1.0,18.0,19,0.338975161988661,0.1711706606617186,0.7595193204291449,0.7595193204291449,Vitezslav Jaros,19,50.07187935522001,51.15952423263549,56.21952931458219,44.673140816231744,41.35920398597536,46.471808523751534,48.74914335528626,152,0.8070306,80.703064,41
106681.0,Max Schmitt,PLAYS,20.0,SSV Ulm 1846,0.28719256,0.557671055,0.270478495,0.855998825,0.8511787749999999,0.1053828816175841,0.7298562,0.9848117,-0.1273576544444444,0.2676314,1.125975002625308,-1.9697857,1.1442399,0.1595719122222222,0.14285715,0.0870330260013225,0.0,0.3,0.3937109233333333,0.375,0.1120399201581849,0.25,0.5714286,1.1111111111111112,1.0,1.2692955176439846,0.0,4.0,10.88888888888889,11.0,5.510091751605513,3.0,19.0,9,0.6156789421214461,0.1120399201581849,1.4127787865195556,1.4127787865195556,Max Schmitt,9,47.37708957665928,62.21870951462874,47.37892381373403,50.25672868710187,45.61529873189847,42.45647363160832,50.03526364465394,81,0.7997453,79.97453,42
166234.0,Marko Gudžulić,BENCH,23.0,CF Estrela Amadora SAD,0.34917809,0.622191505,0.273013415,,,,,,0.6478257,0.6478257,,0.6478257,0.6478257,0.083333336,0.083333336,,0.083333336,0.083333336,0.4,0.4,,0.4,0.4,0.0,0.0,,0.0,0.0,9.0,9.0,,9.0,9.0,1,,,,,Marko Gudžulić,1,60.66310717208975,58.76049393517413,47.72898298182995,39.24294251599046,56.567655883880334,,54.84820381431136,8,0.7407942,74.07942,43
97058.0,Menno Bergsen,PLAYS,26.0,Helmond Sport,0.383098135,0.433012,0.049913865,0.8209310623529412,0.8913757,0.1666479151003423,0.55327815,0.9937338,0.0115363260357142,0.024865574,0.9609224243477464,-2.1287932,1.8060932,0.0783863613214285,0.0645833349999999,0.0729060902094718,0.0,0.22222222,0.3577895392857143,0.375,0.1737460950545684,0.07692308,0.6666667,0.8214285714285714,1.0,0.8629652337776966,0.0,3.0,13.035714285714286,11.5,6.460605079202567,6.0,31.0,28,0.5637851697240444,0.1737460950545684,1.7555138001431565,1.7555138001431565,Menno Bergsen,28,48.2498270216155,47.37544408239346,44.36214380826292,47.89518043094727,51.70337626634332,44.37353934796182,47.95322875796426,172,0.6988537,69.88537,44
51472.0,Guillaume Dietsch,BENCH,24.0,FC Metz,0.67107149,0.7712210150000001,0.100149525,0.7249762,0.7249762,,0.7249762,0.7249762,0.13141894,0.13141894,,0.13141894,0.13141894,0.18181817,0.18181817,,0.18181817,0.18181817,0.0,0.0,,0.0,0.0,0.0,0.0,,0.0,0.0,10.0,10.0,,10.0,10.0,1,,,,,Guillaume Dietsch,1,45.20807304633768,67.72389788308804,23.340836571651263,39.16540313585074,54.97797185271486,,48.020461660394645,171,0.6923276,69.232765,45
117414.0,Robin Risser,PLAYS,21.0,RC Lens,0.61397649,0.7712210150000001,0.157244525,0.8223180275,0.79467157,0.1151488266305857,0.576149,0.99858344,0.2460055448813636,0.490661515,0.7177170399954553,-1.6121726,1.4963617,0.113211323090909,0.130252105,0.0893552144170363,0.0,0.2857143,0.4600009877272727,0.477272735,0.2177254408867846,0.0,1.0,0.8636363636363636,1.0,0.8335497554466649,0.0,2.0,6.136363636363637,6.0,3.426722084211709,1.0,15.0,22,0.4164329333130205,0.2177254408867846,0.467192456384376,0.467192456384376,Robin Risser,22,50.54584966305077,51.92206229719974,51.081304640447286,50.72881607327231,43.27471623850143,44.96859453459017,49.18661763617931,133,0.665202,66.5202,46
126944.0,Maximilian Brüll,PLAYS,23.0,Vitesse Arnheim,0.37057419,0.433012,0.0624378099999999,0.8992946816666666,0.92278513,0.0887885316792303,0.74992543,0.9886221,-0.2586702635714286,-0.1833050825,0.914868478443952,-1.9383326,1.3021414,0.0493541812307692,0.04,0.0701346832046707,0.0,0.25,0.4304267264285714,0.44949496,0.1398923443360268,0.11111111,0.6,0.4285714285714285,0.0,0.646206172658864,0.0,2.0,10.928571428571429,11.5,3.626065587982607,4.0,17.0,14,0.5018285050615913,0.1398923443360268,0.5976558511326685,0.5976558511326685,Maximilian Brüll,14,50.90716112984803,42.12782285161965,50.50481752182894,43.42734804087758,46.04896269430982,44.3884148614775,47.04538362357628,188,0.66101146,66.10114,47
107868.0,Justin Treichel,PLAYS,23.0,Roda JC Kerkrade,0.37057419,0.433012,0.0624378099999999,0.8034331986956522,0.82216257,0.1275810900841626,0.49603167,0.988742,0.1439473811777777,0.11057508,0.8968917013684213,-1.5378604,1.8582292,0.1241299295111111,0.11764706,0.0839859337045084,0.0,0.33333334,0.4165723843636363,0.40833333,0.2011923076596988,0.0,0.8,0.7812560355555556,1.0,0.9277452814868286,0.0,3.0,10.755555555555556,10.0,5.300752757673177,1.0,25.0,45,0.512236395726292,0.2011923076596988,1.0064019371815165,1.0064019371815165,Justin Treichel,45,48.84356829818349,55.048952790201554,50.81256096605745,47.58550233128987,44.985640824850606,43.90884745398811,49.235865963202485,131,0.6580824,65.80824,48
116723.0,Pavlo Isenko,PLAYS,22.0,Universitatea Craiova,0.401354885,0.456571,0.055216115,0.7831640628571428,0.7797306,0.0955352260170733,0.59753454,0.88383967,0.2047187185294118,0.079321384,0.9923544209714664,-1.4221666,2.5204349,0.0533333338235294,0.0,0.086658153948912,0.0,0.33333334,0.4235294205882352,0.33333334,0.3765273955662832,0.0,1.0,1.3013490764705882,1.0,1.2111802436567811,0.0,4.0,5.470588235294118,5.0,3.760280027119383,1.0,17.0,17,0.5439448234942699,0.3765273955662832,0.5581579944514673,0.5581579944514673,Pavlo Isenko,17,50.00000000000001,50.0,50.0,50.0,50.0,43.483464989879074,49.674173249493954,107,0.65393007,65.393005,49
116815.0,Denis Pintol,BENCH,26.0,HNK Vukovar 1991,0.383098135,0.507882825,0.12478469,,,,,,-0.552487135,-0.6369015,0.6208864116519227,-1.1334227,0.19727716,0.14502603,0.148351655,0.0729637569178785,0.05263158,0.23076923,0.416666675,0.33333335,0.5000000055555558,0.0,1.0,0.75,0.5,0.957427107756338,0.0,2.0,11.5,10.5,6.855654600401044,5.0,20.0,4,0.6208864116519227,0.5000000055555558,1.449447288776983,1.449447288776983,Denis Pintol,4,37.91587721723118,56.49251575758247,54.11636261895992,48.86095492855063,56.401023909158695,42.66199840056286,49.09012090424479,139,0.6521053,65.210526,50
146112.0,Georgiy Yermakov,PLAYS,23.0,Maccabi Haifa,0.401354885,0.5,0.098645115,0.82687658375,0.83494215,0.0768213903091427,0.69284946,0.9298072,0.38945270638,0.23975672,0.9294933369867034,-1.183264,2.3271453,0.10767427185,0.0811688325,0.1156767691412973,0.0,0.33333334,0.3940058505263158,0.375,0.2930690685588158,0.0,1.0,1.05,1.0,1.050062654772261,0.0,4.0,6.85,5.0,4.771350906576062,1.0,17.0,20,0.5031573636479231,0.2930690685588158,0.9926494328700528,0.9926494328700528,Georgiy Yermakov,20,52.703439582545485,51.82654174382935,51.81885706011705,54.977916439168105,43.77865737498001,42.17496428741906,50.31144011583084,74,0.5573753,55.73753,51
31667.0,Matej Kovar,DROPPED,25.0,PSV Eindhoven,0.82647051,0.6917069149999999,0.1347635950000001,0.8358101466666666,0.84986126,0.1096862916919251,0.6302352,0.98837274,0.0455917137826087,0.066578746,0.7143907728260155,-1.1264133,1.3451582,0.0745032759130434,0.071428575,0.0741863741555134,0.0,0.3,0.4372050726086957,0.45454547,0.2116587376842564,0.0,1.0,1.2608695652173914,1.0,1.355708178049989,0.0,6.0,9.347826086956522,9.0,5.279537648938708,2.0,21.0,23,0.4120385322589703,0.2116587376842564,0.8884146335283131,0.8884146335283131,Matej Kovar,23,47.490206664336526,49.58999664006583,57.9550624279287,50.41897372891661,38.73190945851782,43.8179393952901,47.83749692586316,175,0.5294468,52.94468,52
62320.0,Gonzalo Crettaz,PLAYS,26.0,NEC Nijmegen,0.6,0.6917069149999999,0.0917069149999999,0.8707506207142857,0.86801565,0.0787408452937978,0.6864202,0.97225046,0.00851725524,0.18383193,0.813247552596419,-1.9549031,1.174288,0.0749013219999999,0.06666667,0.103881909061748,0.0,0.4,0.2814258651999999,0.25,0.1024896361756746,0.11111111,0.46153846,2.28,2.0,1.4866068747318506,0.0,5.0,20.44,21.0,6.151422599691881,4.0,32.0,25,0.4459941989451084,0.1024896361756746,1.1247609597453845,1.1247609597453845,Gonzalo Crettaz,25,49.9185565361084,49.6599392516294,44.03340456820525,61.59348965028487,64.61652778586416,45.0668327522523,52.84856165620312,19,0.5047296,50.47296,53
53549.0,Ennio van der Gouw,BENCH,26.0,Rio Ave FC,0.34851325,0.622191505,0.273678255,0.779732645,0.779732645,0.1296850877969554,0.68803144,0.87143385,-0.3280202316666667,0.027505755,0.72356863939842,-1.1605752,0.14900875,0.15555556,0.13333334,0.1677741016521477,0.0,0.33333334,0.3916666666666666,0.4,0.0144337567297406,0.375,0.4,1.3333333333333333,1.0,0.5773502691896257,1.0,2.0,13.666666666666666,13.0,5.033222956847167,9.0,19.0,3,0.4266268635976877,0.0144337567297406,0.5583826633517737,0.5583826633517737,Ennio van der Gouw,3,52.64928550018691,53.703064511682015,42.52739734523486,56.12372435695794,56.29152869605896,47.03686495179376,52.13702957667499,29,0.5024596,50.24596,54
135796.0,Armin Olayo,BENCH,23.0,TSV Schott Mainz,0.28719256,0.405667995,0.1184754349999999,,,,,,-1.551466981,-1.5280979,1.5075781268210815,-3.0705938,-0.055709243,0.0753968286666666,0.083333336,0.0717585008066616,0.0,0.14285715,0.2333333333333333,0.2,0.2516611478423583,0.0,0.5,0.6666666666666666,1.0,0.5773502691896258,0.0,1.0,12.333333333333334,13.0,4.041451884327381,8.0,16.0,3,1.5075781268210815,0.2516611478423583,0.91913539836714,0.91913539836714,Armin Olayo,3,31.706425972759448,49.09654846173849,40.68244184208277,46.60149496453822,55.4351191981846,48.362764876819824,43.59891534041969,209,0.49828708,49.82871,55
104150.0,Malte Brüning,BENCH,21.0,SV Eintracht Trier 05,0.26403716,0.405667995,0.141630835,0.7669885750000001,0.7669885750000001,0.1127986990397107,0.68722785,0.8467493,-1.6161113,-1.3710151,0.4971186236411185,-2.1881845,-1.2891343,0.1619047666666666,0.2,0.1466171900159164,0.0,0.2857143,0.2698412833333333,0.14285715,0.3510054840184635,0.0,0.6666667,0.6666666666666666,1.0,0.5773502691896258,0.0,1.0,9.0,10.0,2.6457513110645907,6.0,11.0,3,0.3049586613404146,0.3510054840184635,0.138968126825401,0.138968126825401,Malte Brüning,3,37.860283526169134,59.50441778981276,38.30962463519899,45.4978011237388,48.85226860119669,43.39162046533266,45.495227166973,204,0.45006624,45.006622,56
51533.0,Vincent Müller,PLAYS,25.0,Aalborg BK,0.557671055,0.6607162449999999,0.1030451899999999,0.81842339,0.8333657,0.0967110221720651,0.5837931,0.93557286,-0.4194865629583333,-0.32362276,0.9002619103678327,-2.0258124,1.1970339,0.06574820125,0.05714286,0.0739995559882686,0.0,0.2857143,0.3991817225,0.4,0.2800387773030984,0.0,1.0,1.8333333333333333,1.5,1.3405601251996728,0.0,4.0,9.166666666666666,9.5,4.3705204810597005,2.0,18.0,24,0.4984864662699488,0.2800387773030984,0.7270752110551647,0.7270752110551647,Vincent Müller,24,49.61142977519372,49.48096245391729,52.08615588064561,50.5678939895554,48.12047933179122,43.74396932036558,49.46062853677048,120,0.39641842,39.64184,57
47972.0,Daniel Bielica,PLAYS,26.0,NAC Breda,0.6288633,0.6917069149999999,0.0628436149999999,0.8461512780555556,0.8810140500000001,0.106309049520385,0.5418777,0.99683666,0.149130491368421,0.27494785,0.7641392407020277,-1.8542855,2.4956455,0.0620767620701754,0.037037037,0.0837950148029967,0.0,0.375,0.4378748754385965,0.42857143,0.2141124491898146,0.0,1.0,1.0350877192982455,1.0,1.1947042712484746,0.0,5.0,10.175438596491228,9.0,4.5004873030497805,2.0,23.0,57,0.4352241451112063,0.2141124491898146,0.6443687596044494,0.6443687596044494,Daniel Bielica,57,50.39267628177657,49.7756615894258,55.783616524473445,51.13641687341245,43.38376945394587,43.904859160782856,49.42611621725871,123,0.37550992,37.55099,58
116674.0,Otto Hindrich,BENCH,23.0,Legia Warschau,0.456571,0.6288633,0.1722923,,,,,,0.67365885,0.67365885,,0.67365885,0.67365885,0.055555556,0.055555556,,0.055555556,0.055555556,0.0,0.0,,0.0,0.0,0.0,0.0,,0.0,0.0,7.0,7.0,,7.0,7.0,1,,,,,Otto Hindrich,1,60.60660171779821,39.39339828220178,39.39339828220179,39.39339828220179,60.60660171779821,,50.53033008588992,65,0.26601976,26.601976,59
60809.0,Andrea Hoxha,PLAYS,26.0,FC 08 Villingen,0.26403716,0.405667995,0.141630835,0.8184121666666666,0.8906432200000001,0.1714078449217868,0.5273519,0.9562173,0.1194862344444444,0.16073537,1.1464900679989805,-1.4002676,1.6812916,0.1254923722222222,0.11764706,0.12844106536412,0.0,0.375,0.61194416,0.6363636,0.137750167511611,0.33333334,0.8181818,1.4444444444444444,1.0,1.4240006242195884,0.0,4.0,10.444444444444445,11.0,3.3582402799349804,3.0,15.0,9,0.6589489564603837,0.137750167511611,0.3839268250134476,0.3839268250134476,Andrea Hoxha,9,51.80908150666634,54.41586539955389,59.62244923407081,55.12750427574193,54.93099415782161,45.876281355252615,54.16202824392244,12,0.23103006,23.103006,60
30344.0,Krisztián Hegyi,PLAYS,23.0,Debreceni VSC,0.433012,0.53889144,0.1058794399999999,0.8275078333333333,0.8968842,0.1934684254509333,0.6089169,0.9767224,-0.6643772,-1.02728915,0.7703262488534538,-1.0909381,0.4880076,0.040865385,0.01923077,0.0589473530487974,0.0,0.125,0.4904762,0.5,0.0861102101920555,0.4,0.5714286,1.0,0.0,2.0,0.0,4.0,7.75,7.5,4.112987559751022,3.0,13.0,4,0.4818973371521935,0.0861102101920555,0.5805988304520893,0.5805988304520893,Krisztián Hegyi,4,51.86615908733566,44.26024194115695,50.0,43.50480947161671,52.1650635094611,43.57923575123991,48.87435155104797,145,0.21585818,21.585817,61
169620.0,Louis Lord,PLAYS,22.0,FC Erzgebirge Aue,0.405667995,0.557671055,0.15200306,0.97264385,0.97264385,,0.97264385,0.97264385,0.5254117585714286,0.13857721,1.423657866566935,-1.0436361,3.0746455,0.0572047021428571,0.071428575,0.0576459298044539,0.0,0.14285715,0.5099816785714285,0.46153846,0.1654209772393889,0.33333334,0.79999995,0.2857142857142857,0.0,0.4879500364742666,0.0,1.0,10.857142857142858,8.0,6.148944934663492,3.0,19.0,7,1.423657866566935,0.1654209772393889,1.7913537700590585,1.7913537700590585,Louis Lord,7,59.47308786826905,45.94922872755285,56.912241506052,39.95668574817925,44.01572959975842,43.26059552885838,50.53045260311162,64,0.09728352,9.728352,62
32331.0,Leopold Wahlstedt,BENCH,26.0,Aarhus GF,0.5777367099999999,0.6607162449999999,0.082979535,0.8449399,0.8449399,0.076313792252777,0.7909779,0.8989019,-0.6218905333333333,-0.5157571,0.4848899349387481,-1.151056,-0.1988585,0.0952380999999999,0.14285715,0.0824786140081627,0.0,0.14285715,0.0976431,0.11111111,0.0916542635327953,0.0,0.18181819,1.3333333333333333,1.0,0.5773502691896257,1.0,2.0,12.333333333333334,11.0,3.2145502536643185,10.0,16.0,3,0.2806018635957625,0.0916542635327953,0.343425901291188,0.343425901291188,Leopold Wahlstedt,3,50.00666966999282,55.57386678213896,35.801036540359355,44.6050070992237,58.9890118914333,44.53071044964241,49.971768349170695,87,0.0893813,8.93813,63
74044.0,Etienne Green,BENCH,25.0,FC Fredericia,0.61397649,0.6607162449999999,0.0467397549999999,,,,,,-0.35206485,-0.35206485,,-0.35206485,-0.35206485,0.0,0.0,,0.0,0.0,0.2,0.2,,0.2,0.2,0.0,0.0,,0.0,0.0,12.0,12.0,,12.0,12.0,1,,,,,Etienne Green,1,42.45825278396661,30.956567253317825,34.69276265631687,30.60743883414497,54.469371119175975,,40.58732179155077,215,0.084878094,8.487809,64
49045.0,Valdemar Birksø,BENCH,24.0,FC Fredericia,0.5777367099999999,0.6607162449999999,0.082979535,0.9225348,0.9225348,,0.9225348,0.9225348,0.3298566593333333,0.032231808,0.7843691047094421,-0.26214093,1.2194791,0.1152159253333333,0.115384616,0.0098695012894353,0.10526316,0.125,0.23646724,0.22222222,0.0905875399389364,0.15384616,0.33333334,1.0,1.0,1.0,0.0,2.0,16.0,16.0,5.0,11.0,21.0,3,0.7843691047094421,0.0905875399389364,1.0849593981874597,1.0849593981874597,Valdemar Birksø,3,58.86266839534679,55.56615213292806,37.515335739058976,43.53581294471499,65.35131819195227,46.33781366983814,54.14006692240236,14,0.070820674,7.0820675,65
46563.0,Franz Stolz,BENCH,25.0,Grazer AK 1902,0.456571,0.6016963049999999,0.1451253049999999,0.867569845,0.8641603849999999,0.0457891667822018,0.81524765,0.92671096,0.1048042749999999,0.4201833749999999,0.931403416840004,-1.2405173,0.81936765,0.1285714312499999,0.1071428624999999,0.1283066053092607,0.0,0.3,0.48064715,0.4835164999999999,0.0778237891178522,0.4,0.5555556,1.0,0.5,1.4142135623730951,0.0,3.0,11.5,12.0,2.6457513110645907,8.0,14.0,4,0.488596291811103,0.0778237891178522,0.1055317336631975,0.1055317336631975,Franz Stolz,4,51.19831445663648,56.68685666062665,56.61609317765746,46.93261455492308,50.56959951096342,44.05372109190335,52.19914705804505,28,0.04458091,4.4580913,66
38429.0,Karol Niemczycki,DROPPED,26.0,FC Ashdod,0.710514535,0.5,0.2105145349999999,0.8042434439130435,0.8062458,0.145768406403012,0.46598798,0.9936902,0.1555167578787878,0.19776139,0.9593540269581792,-2.27206,2.1301827,0.0868353982424242,0.04347826,0.1405326269652989,0.0,0.75,0.3502284809090908,0.33333334,0.22835621349501,0.0,0.8,0.7575757575757576,0.0,1.0009465217452629,0.0,4.0,11.242424242424242,11.0,5.2798573786982095,2.0,21.0,33,0.5525612166805957,0.22835621349501,0.7984407170682345,0.7984407170682345,Karol Niemczycki,33,49.71480625195202,47.76001988622144,48.36988286823596,47.63499031459675,56.32450800098165,43.99309802531028,49.949983815986805,89,0.036010318,3.6010318,67
5674.0,Luca Unbehaun,DROPPED,25.0,FC Emmen,0.557671055,0.433012,0.124659055,0.8356211622857143,0.87348515,0.1367325646346036,0.25193462,0.9818619,-0.0060678542881356,0.15290022,0.8225191867463767,-2.613169,2.6695585,0.0764146113275862,0.0651260525,0.0850818808091659,0.0,0.2857143,0.3837943542372881,0.375,0.1843913317421446,0.0,0.875,1.6610169491525424,1.0,1.7578412455439083,0.0,8.0,12.915254237288137,12.0,5.465528764504701,2.0,31.0,59,0.4796258756904902,0.1843913317421446,0.9737373085201312,0.9737373085201312,Luca Unbehaun,59,49.87915545472954,47.068422249276914,48.87973421122009,58.0137869810583,50.27474189932537,43.4618579278799,49.73881119232215,99,0.032475017,3.2475016,68
115810.0,Albert Posiadala,DROPPED,23.0,Molde FK,0.6288633,0.5777367099999999,0.05112659,0.7725455254545455,0.780213,0.1751366288533101,0.42799115,0.9967907,0.0054533104666666,0.16083574,1.1348373041959563,-2.5431724,1.9026991,0.0891289696,0.0625,0.0857268323454244,0.0,0.2631579,0.2843434366666666,0.3,0.1597369520540122,0.0,0.5714286,1.0666666666666669,1.0,0.8837151016885368,0.0,2.0,12.0,11.5,3.741657386773941,5.0,20.0,15,0.6549869665246333,0.1597369520540122,0.8414912419669184,0.8414912419669184,Albert Posiadala,15,49.0124583567773,53.06345054779916,41.81035710931764,50.901387818866,51.49173547429654,43.466274506598126,49.14978078506648,135,0.026793273,2.6793272,69
12926.0,Samuel Brolin,DROPPED,25.0,Kalmar FF,0.6607162449999999,0.579539565,0.0811766799999998,0.8460091883333334,0.841437735,0.0909046863438136,0.7257596,0.9822384,-0.1167383496363636,-0.097338796,1.1276665656736629,-2.1126573,1.5679586,0.1471654372727272,0.16666667,0.1036589860621791,0.0,0.2857143,0.4818181854545454,0.5,0.208726903455838,0.0,0.75,1.0,1.0,1.1832159566199232,0.0,3.0,9.272727272727272,9.0,3.319364670864263,3.0,14.0,11,0.6092856260087383,0.208726903455838,0.4719596363542601,0.4719596363542601,Samuel Brolin,11,50.05092320129483,54.37421504638399,53.27448444731059,49.31758789979236,51.515653236322514,44.39877568677727,51.33612085834444,43,0.025221303,2.5221303,70
68191.0,Arthur Lyska,DROPPED,25.0,SV Sandhausen,0.557671055,0.405667995,0.15200306,0.800629165,0.88370237,0.1684596949808426,0.5249349,0.93574995,-0.181838111125,-0.157320497,0.790668372103924,-1.8229907,1.031842,0.08043293625,0.06971154,0.0849439492866732,0.0,0.22222222,0.325,0.225,0.2973093626895345,0.0,1.0,1.375,1.0,1.5059406173077154,0.0,4.0,7.25,7.0,3.284161123592185,4.0,13.0,8,0.4795640335423833,0.2973093626895345,0.2659615053826501,0.2659615053826501,Arthur Lyska,8,45.73411068198277,50.02648822160694,45.7215340199059,57.55874395818224,39.98187774910889,45.21025608971976,46.596523702028094,194,0.018264739,1.8264738,71
28737.0,Daan Reiziger,DROPPED,24.0,SC Cambuur Leeuwarden,0.6917069149999999,0.433012,0.2586949149999999,0.8564737866666666,0.87765366,0.0470779647061609,0.8025261,0.8892416,-0.9221293166666666,-0.99981976,1.0496901053229346,-1.9308157,0.16424751,0.2383838433333333,0.2,0.0827296787232915,0.18181819,0.33333334,0.2660561766666666,0.30769232,0.1175706287873831,0.13333334,0.35714287,0.3333333333333333,0.0,0.5773502691896258,0.0,1.0,18.666666666666668,21.0,4.932882862316247,13.0,22.0,3,0.5483840350145478,0.1175706287873831,0.7492112773032509,0.7492112773032509,Daan Reiziger,3,43.75922544486234,70.69909749327672,39.14017623796428,42.31723627234385,68.78559427422238,48.67349169368632,53.56113063457188,16,0.015022014,1.5022014,72
51814.0,Connor van den Berg,DROPPED,24.0,Vitesse Arnheim,0.6917069149999999,0.433012,0.2586949149999999,0.783355884,0.77792023,0.0991250973996842,0.58743817,0.9383432,0.1069558277076923,0.1406667,0.7227423697759762,-1.2233686,1.3612273,0.1156725642307692,0.11111111,0.0967965852468202,0.0,0.25,0.4515967107692307,0.42857143,0.1798521191151116,0.2,0.6666667,0.5384615384615384,0.0,1.1982893790305562,0.0,4.0,11.23076923076923,10.0,4.867474467555808,3.0,18.0,13,0.4109337335878302,0.1798521191151116,0.9676204623235796,0.9676204623235796,Connor van den Berg,13,46.69326539961707,54.11499548332142,52.29508930190516,44.6770913667712,46.85989554036417,44.43017336402555,48.73643902478641,153,0.012966743,1.2966743,73
51830.0,Youri Schoonderwaldt,DROPPED,25.0,VVV-Venlo,0.6917069149999999,0.433012,0.2586949149999999,0.8061050306666666,0.81557345,0.1284840952506568,0.63313216,0.98597807,0.2003782148275862,0.23447204,0.8432786288384793,-1.4766269,1.7369368,0.096704473275862,0.09090909,0.0764316038905993,0.0,0.2,0.4309160265517242,0.4,0.1545226257580651,0.2,0.75,1.9655172413793105,2.0,1.4511758439449234,0.0,5.0,12.89655172413793,12.0,5.191647327240492,3.0,25.0,29,0.485881362044568,0.1545226257580651,0.9885034544545758,0.9885034544545758,Youri Schoonderwaldt,29,48.886038788833474,50.6864773186024,50.54619592761197,60.90651676441041,51.32994041968068,44.3795710271452,50.960654801246754,55,0.012769799,1.2769799,74
49401.0,Jan de Boer,DROPPED,25.0,VVV-Venlo,0.6917069149999999,0.433012,0.2586949149999999,0.8636291317647059,0.86396134,0.1003027083234172,0.6258418,0.9953366,-0.0994449529317647,-0.156389025,0.8241919419738015,-2.337428,1.6363847,0.0735229498529411,0.0645833349999999,0.079993863115782,0.0,0.375,0.4141534632352941,0.4,0.1793029076454591,0.14285715,1.0,0.7352941176470589,1.0,0.8637067238437097,0.0,3.0,11.647058823529411,11.5,4.817155912708662,2.0,19.0,34,0.4622473251486094,0.1793029076454591,0.9517484910848668,0.9517484910848668,Jan de Boer,34,51.90455540185315,45.03166090508707,51.66756866597983,48.16744269320791,48.776047777981006,44.384834619961495,49.11902965738541,136,0.012408746,1.2408746,75
130814.0,Yannick Etile,DROPPED,25.0,Paris 13 Atletico,0.61397649,0.513178375,0.100798115,,,,,,0.53495634,0.53495634,,0.53495634,0.53495634,0.0,0.0,,0.0,0.0,0.5,0.5,,0.5,0.5,0.0,0.0,,0.0,0.0,10.0,10.0,,10.0,10.0,1,,,,,Yannick Etile,1,60.24648001813267,32.33458629739839,69.3322178933192,37.00961894323342,46.10531909832876,,50.36271966290645,73,0.0123272445,1.2327244,76
168476.0,Jovan Jovic,DROPPED,23.0,SC Weiche Flensburg 08,0.37057419,0.26403716,0.10653703,0.9055061775,0.926408875,0.0755265541433256,0.7979907,0.97121626,-1.1648550875,-0.449467305,1.493327580348672,-3.40381,-0.35667574,0.102777776,0.105555552,0.0818384434400567,0.0,0.2,0.395833335,0.41666667,0.3145764343614371,0.0,0.75,1.9985435,2.0,1.6306155746329871,0.0,3.994174,9.25,9.5,2.753785273643051,6.0,12.0,4,0.7844270672459988,0.3145764343614371,0.1920327304665664,0.1920327304665664,Jovan Jovic,4,48.089004449939246,53.73413045847999,50.19474628175282,51.96004646129743,55.12696430090744,46.112632787734334,51.22976851463865,47,0.010699929,1.0699929,77
53680.0,Fabian Eutinger,DROPPED,22.0,DJK Vilzing,0.37057419,0.28719256,0.0833816299999999,0.774936641111111,0.8311211,0.1821218510501241,0.3985437,0.99819857,0.2162566924285714,0.2912578,1.1081300990114578,-1.9071362,1.6955278,0.1158123307142857,0.07692308,0.1106764450463843,0.0,0.4,0.3051586015384615,0.25,0.1466119208663406,0.125,0.6111111,1.2857142857142858,1.0,1.0690449676496976,0.0,4.0,13.5,13.0,5.47371340696044,6.0,24.0,14,0.6451259750307909,0.1466119208663406,0.9157416789603424,0.9157416789603424,Fabian Eutinger,14,50.58974194193516,49.59654965351401,43.40881259916701,49.72409310573682,54.78954667363873,45.7921178573325,49.82747894132645,96,0.010556464,1.0556464,78
13811.0,Oliver Christensen,DROPPED,26.0,SK Sturm Graz,0.82,0.6016963049999999,0.218303695,0.8860218142857142,0.9286843,0.1149060283934576,0.6670223,0.9971482,0.0833895081428571,0.269078495,0.7141311286276291,-1.1716716,1.331481,0.057975755,0.0,0.0908798054378815,0.0,0.25,0.3471861514285714,0.348484855,0.2755598235021261,0.0,1.0,3.357142857142857,4.0,1.9848325973644323,0.0,6.0,10.142857142857142,7.5,5.68205194324324,5.0,22.0,14,0.4145185785105433,0.2755598235021261,1.4183829648568549,1.4183829648568549,Oliver Christensen,14,52.03176745976193,44.035905161564266,48.60312457163803,66.88395517460151,46.962135941528416,42.780655316996494,49.92703542760279,90,0.010271927,1.0271927,79
53183.0,Simon Ngapandouetnbu,PLAYS,22.0,HSC Montpellier,0.513178375,0.61397649,0.100798115,0.8894348745454544,0.9066533,0.0913902029944038,0.72658694,0.98564357,0.5357079884,0.2945275149999999,0.7521292138745286,-0.33702934,2.1970723,0.1150871445499999,0.09090909,0.0932922315460416,0.0,0.33333334,0.46382039,0.5,0.2445641659946575,0.0,1.0,0.65,0.0,0.812727700887249,0.0,2.0,7.35,7.0,4.545385166934644,1.0,16.0,20,0.4217597084344662,0.2445641659946575,0.680836996177066,0.680836996177066,Simon Ngapandouetnbu,20,53.93365570556695,54.30871011652826,56.90992649949742,47.38305867146471,42.346329612907375,44.17719869289837,50.99475943427322,53,0.008620795,0.8620795,80
31719.0,Davor Matijas,DROPPED,26.0,HNK Gorica,0.67107149,0.507882825,0.1631886649999999,0.8106521453846154,0.86021674,0.1520818243431828,0.54622376,0.9933961,0.0694634130416666,-0.045365691,0.7115465987063256,-1.2637551,1.4471477,0.0600605727083333,0.06666667,0.064830090472788,0.0,0.22222222,0.2884058008695652,0.25,0.2691848373933365,0.0,1.0,0.8333333333333334,0.5,1.0072203103706698,0.0,3.0,9.5,9.5,4.520484775850445,1.0,20.0,24,0.4318142115247542,0.2691848373933365,0.7678280532159135,0.7678280532159135,Davor Matijas,24,50.56212035037484,46.10317134084708,47.43358643969733,50.15187267619325,50.270465798978535,43.7839479158168,48.76278616244234,150,0.007185497,0.71854967,81
22957.0,Lennart Moser,DROPPED,26.0,Fagiano Okayama,0.67107149,0.614975735,0.0560957549999999,,,,,,-0.29113728,-0.29113728,,-0.29113728,-0.29113728,0.18181817,0.18181817,,0.18181817,0.18181817,0.0,0.0,,0.0,0.0,0.0,0.0,,0.0,0.0,14.0,14.0,,14.0,14.0,1,,,,,Lennart Moser,1,42.89709418764525,56.57395481608369,29.23723099067037,33.139717812495576,56.03521627036893,,45.590518903434216,203,0.006465165,0.6465165,82
28779.0,Issam El Maach,DROPPED,26.0,Roda JC Kerkrade,0.6917069149999999,0.433012,0.2586949149999999,0.8491900066666666,0.871608025,0.0743035777902608,0.7488809,0.92224663,0.04002360475,0.1085630635,0.8671181369332823,-1.5090849,1.2792941,0.0669681091666666,0.0678160949999999,0.0608423734629012,0.0,0.16666667,0.3448082808333333,0.32291667,0.1386619168213814,0.16666667,0.64285713,0.8333333333333334,1.0,0.8348471099367218,0.0,2.0,16.083333333333332,15.5,5.6481426284678,6.0,23.0,12,0.4707108573617716,0.1386619168213814,1.2539956543643795,1.2539956543643795,Issam El Maach,12,51.65802104984751,45.07539132712278,47.28575545983464,47.98524741099435,58.46038727028093,44.147664310971024,50.303333310058186,75,0.00568204,0.568204,83
63980.0,Michel Witte,DROPPED,26.0,FV Illertissen,0.405667995,0.28719256,0.1184754349999999,0.7715474625000001,0.819937725,0.1384823867469034,0.5685896,0.8777248,-0.4700577477777778,-0.889874,1.403881806508452,-2.4373813,2.2787943,0.1187902534444444,0.083333336,0.1553077607423294,0.0,0.5,0.5182098788888889,0.42857143,0.2148442516294955,0.33333334,1.0,1.8888888888888888,1.0,1.763834207376394,0.0,5.0,8.777777777777779,8.0,4.176654695380556,3.0,16.0,9,0.7711820966276777,0.2148442516294955,0.8228081908718776,0.8228081908718776,Michel Witte,9,46.03671566704465,49.973024714559614,60.50307537872962,56.48074638302628,41.26579804761413,44.75481832499322,49.020056113909874,143,0.0054524825,0.54524827,84
56408.0,Tom Hendriks,DROPPED,23.0,Helmond Sport,0.6917069149999999,0.433012,0.2586949149999999,0.847602065,0.847602065,0.0639924070931266,0.8023526,0.89285153,0.3525872199999999,0.21424246,1.724442491447527,-1.2985158,2.142035,0.10586295,0.11111111,0.0508109750810127,0.05263158,0.15384616,0.2333333333333333,0.25,0.0288675134594812,0.2,0.25,1.6666666666666667,1.0,1.1547005383792517,1.0,3.0,17.0,17.0,6.0,11.0,23.0,3,0.8942174492703268,0.0288675134594812,1.7309662740042804,1.7309662740042804,Tom Hendriks,3,54.21444755000967,51.44307063364251,37.64887649166728,59.631625704908046,61.03623728817945,43.65969520427928,52.55367465382215,23,0.005099939,0.5099939,85
66515.0,Elias Bördner,DROPPED,24.0,Bonner SC,0.557671055,0.37057419,0.187096865,0.85059136,0.85059136,,0.85059136,0.85059136,0.1849850065479999,0.00049710274,0.7913148901375079,-0.6589093,1.461582,0.0650476214,0.06666667,0.053320153886549,0.0,0.14285715,0.194444444,0.125,0.1881419052533105,0.0,0.5,0.8,0.0,1.3038404810405295,0.0,3.0,14.8,14.0,3.7013511046643495,10.0,19.0,5,0.7913148901375079,0.1881419052533105,0.638409842562703,0.638409842562703,Elias Bördner,5,48.71662541673887,42.66173857683543,34.550513273683784,44.44747257219724,55.90254492257969,44.18834982000118,46.16458606417704,200,0.0034876857,0.34876856,86
116720.0,Plamen Andreev,DROPPED,21.0,Racing Santander,0.6917069149999999,0.6,0.0917069149999999,,,,,,-0.33322877,-0.33322877,,-0.33322877,-0.33322877,0.1923077,0.1923077,,0.1923077,0.1923077,0.25,0.25,,0.25,0.25,1.0,1.0,,1.0,1.0,10.0,10.0,,10.0,10.0,1,,,,,Plamen Andreev,1,,,,,,,50.0,83,0.0032671667,0.32671666,87
5760.0,João Virgínia,DROPPED,26.0,Sporting Lissabon,0.6917069149999999,0.622191505,0.0695154099999999,0.5303235,0.5303235,,0.5303235,0.5303235,0.0,0.0,,0.0,0.0,0.0,0.0,,0.0,0.0,0.6666667,0.6666667,,0.6666667,0.6666667,0.0,0.0,,0.0,0.0,1.0,1.0,,1.0,1.0,1,,,,,João Virgínia,1,45.70453371588441,38.890806464953954,72.41780796429542,31.628826929126166,31.125413911823127,,44.24015807767767,207,0.0032166266,0.32166266,88
32389.0,Florian Wiegele,DROPPED,24.0,FC Viktoria Pilsen,0.6016963049999999,0.345279435,0.2564168699999999,0.9122771375,0.908551305,0.0320446276609463,0.8771232,0.95488274,0.3884483775999999,0.42279327,1.0988956633354592,-1.1843715,1.7059307,0.1185714299999999,0.125,0.0730791441604545,0.0,0.2,0.492460316,0.44444445,0.3385550969020922,0.14285713,1.0,0.63032822,1.0,0.57872897339069,0.0,1.1516411,8.8,8.0,4.764451699828638,3.0,15.0,5,0.5654701454982027,0.3385550969020922,0.7141018147819984,0.7141018147819984,Florian Wiegele,5,56.089959408116655,52.112758165481104,54.8337146368008,43.02034230835863,46.20588053653234,44.33136845352843,51.2343754118701,45,0.0026858782,0.26858783,89
96075.0,Kjell Peersman,DROPPED,21.0,KSK Lierse Kempenzonen,0.433012,0.34851325,0.08449875,0.849835524347826,0.8677963,0.0891234508978187,0.6983453,0.98073643,0.0232498183863636,0.081716288,0.6893648406820505,-1.4678278,1.5313222,0.1170261050681818,0.118055555,0.1242922398632025,0.0,0.75,0.4479793416279069,0.5,0.2443401329244922,0.0,1.0,0.6136363636363636,0.0,0.9204627019188112,0.0,3.0,9.181818181818182,9.0,4.671898808600339,1.0,21.0,44,0.3892441457899346,0.2443401329244922,0.726603025661744,0.726603025661744,Kjell Peersman,44,50.86187921555578,51.820776096137415,50.45842790725394,48.59804405652778,47.087518741967415,44.38930215670309,49.68825643186373,106,0.0025593902,0.255939,90
30320.0,Jakub Markovic,DROPPED,24.0,SK Slavia Prag,0.528078685,0.345279435,0.1827992499999999,0.87506682,0.90742475,0.062319300432067,0.7992023,0.9434399,0.111360004,0.16178961,0.474490460532662,-0.43681717,1.0821671,0.1119829879999999,0.0952381,0.0608864493578737,0.0,0.22222222,0.320476194,0.25,0.188736103608027,0.2,0.75,0.8,1.0,0.7888106377466155,0.0,2.0,12.5,11.0,7.090682462060883,4.0,24.0,10,0.2684048804823645,0.188736103608027,1.3741183270044863,1.3741183270044863,Jakub Markovic,10,52.85764089260689,54.86285499805493,44.67927215507656,45.309570269912136,58.32801214593566,45.204907983720574,51.988558946018905,32,0.0024531551,0.2453155,91
47278.0,Lukas Schneller,DROPPED,24.0,1. FC Schweinfurt 05,0.557671055,0.28719256,0.270478495,0.8467585166666667,0.937603625,0.1777582497602957,0.45310408,0.9864788,-0.1405906252857142,0.035182953,0.6349617066391674,-1.7641904,0.709216,0.1092424304761904,0.06666667,0.1497403165591999,0.0,0.6,0.3828180466666666,0.3846154,0.2363397015106702,0.0,1.0,3.4761904761904763,3.0,2.2719825619719805,0.0,8.0,8.666666666666666,8.0,4.090639721771319,2.0,15.0,21,0.4063599781997316,0.2363397015106702,0.7337243331560435,0.7337243331560435,Lukas Schneller,21,49.863683604285306,49.63635124549768,51.61019244056055,51.66277033894334,49.597099666565725,43.60715300344799,49.89395881384908,92,0.0023399042,0.23399042,92
97021.0,Matus Chropovsky,DROPPED,23.0,KFC Komarno,0.528078685,0.345279435,0.1827992499999999,,,,,,-1.1599746,-1.1599746,,-1.1599746,-1.1599746,0.0,0.0,,0.0,0.0,0.07692308,0.07692308,,0.07692308,0.07692308,0.0,0.0,,0.0,0.0,11.0,11.0,,11.0,11.0,1,,,,,Matus Chropovsky,1,23.79622938635201,35.086509152508626,29.54284337378999,37.01992037622143,53.87533481347898,,35.564656152793766,216,0.0022043441,0.22043441,93
146483.0,Malwin Zok,DROPPED,22.0,FV Illertissen,0.557671055,0.28719256,0.270478495,0.83478034,0.83478034,,0.83478034,0.83478034,0.4754332599999999,0.78067865,0.790368962938628,-0.66941226,1.009788,0.1482142874999999,0.171428575,0.1080713733751787,0.0,0.25,0.315909095,0.348484855,0.1031601971310403,0.16666667,0.4,0.75,0.5,0.9574271077563382,0.0,2.0,13.0,10.5,6.055300708194984,9.0,22.0,4,0.790368962938628,0.1031601971310403,1.3669262374940236,1.3669262374940236,Malwin Zok,4,55.180771744701545,53.69287107090976,44.27138316211765,43.72311815551263,53.35762034853025,46.92523056611467,51.32361062547311,44,0.0019527801,0.195278,94
28189.0,Daniel Klein,DROPPED,24.0,FC Augsburg II,0.557671055,0.28719256,0.270478495,0.966339,0.966339,,0.966339,0.966339,-0.4099799249999999,-0.4099799249999999,1.3151929803861604,-1.3399618,0.52000195,0.149305555,0.149305555,0.0540151021263132,0.11111111,0.1875,0.083333335,0.083333335,0.1178511325547805,0.0,0.16666667,0.5,0.5,0.7071067811865476,0.0,1.0,10.0,10.0,8.48528137423857,4.0,16.0,2,1.3151929803861604,0.1178511325547805,1.1814940203285331,1.1814940203285331,Daniel Klein,2,52.02813805835352,53.8183119222744,33.09297937411424,32.54091144109493,54.23045350105987,46.56688355730216,47.76457673026464,178,0.0019412348,0.19412348,95
49692.0,Tein Troost,DROPPED,24.0,KSC Lokeren-Temse,0.433012,0.34851325,0.08449875,0.8776153885714286,0.88773763,0.1050109197761641,0.69468224,0.9933195,0.1710791099999999,0.139781,0.813474270255808,-0.9572401,1.9300408,0.0495883616666666,0.029411765,0.0574294635978227,0.0,0.15,0.4579889827272728,0.33333334,0.2955936649746484,0.18181819,1.0,1.19136465,1.0,1.1138954359115405,0.0,3.0,9.083333333333334,9.0,5.51787728179684,3.0,16.0,12,0.4592425950159861,0.2955936649746484,0.9680084602831378,0.9680084602831378,Tein Troost,12,53.74319074344583,42.65657583842644,49.56493602128148,53.73343369770816,46.37602331885751,44.958428936254585,48.98548227426631,144,0.0018614766,0.18614766,96
109284.0,Luca Böggemann,DROPPED,22.0,Sportfreunde Lotte,0.557671055,0.37057419,0.187096865,0.77450358,0.77450358,0.0783642322125905,0.7190917,0.82991546,0.4363349333333333,0.5737548,0.2688995214496787,0.12649477,0.60875523,0.0976431,0.11111111,0.0916542635327953,0.0,0.18181819,0.7884615466666668,0.75,0.1951709807219724,0.61538464,1.0,0.6666666666666666,1.0,0.5773502691896258,0.0,1.0,10.0,10.0,1.4142135623730951,9.0,11.0,3,0.1736318768311346,0.1951709807219724,0.6887266442830982,0.6887266442830982,Luca Böggemann,3,46.30914296383156,47.35469131841752,65.86565772752515,42.53692550026511,43.02426509149673,46.71343588970372,48.4377471747728,161,0.0018420412,0.18420412,97
117996.0,Finn Kotyrba,DROPPED,22.0,VfL Bochum II,0.405667995,0.37057419,0.0350938049999999,0.8833083,0.8833083,,0.8833083,0.8833083,0.7776942,0.7776942,,0.7776942,0.7776942,0.33333334,0.33333334,,0.33333334,0.33333334,0.25,0.25,,0.25,0.25,2.0,2.0,,2.0,2.0,11.0,11.0,,11.0,11.0,1,,,,,Finn Kotyrba,1,59.84554096414997,81.2883289110909,37.479267771733525,61.64239621958642,45.70724005630568,,57.63890587044298,1,0.0017489451,0.17489451,98
44642.0,Kjell Scherpen,DROPPED,26.0,SK Sturm Graz,0.6917069149999999,0.6016963049999999,0.0900106099999999,0.7551248431250001,0.7456775,0.1531587302180625,0.51276255,0.97978944,0.1402384084,0.1544220425,0.7295969641616153,-1.7562118,1.959302,0.1074996455249999,0.1,0.1071162774831485,0.0,0.4,0.3905032502777777,0.43650794,0.2654667135092503,0.0,1.0,1.15,1.0,1.1668498024760776,0.0,6.0,8.925,8.0,4.670625610102312,1.0,23.0,40,0.4413778471898389,0.2654667135092503,0.8845628942954346,0.8845628942954346,Kjell Scherpen,40,48.80817748849106,51.36089679743881,49.16055165252787,50.45584230583855,54.90837755850588,41.99662418646545,50.415806305522565,69,0.0017469641,0.1746964,99
65783.0,Ben Voll,DROPPED,25.0,FC St. Pauli II,0.557671055,0.26403716,0.293633895,0.880553625,0.880553625,0.1307672015884765,0.78808725,0.97302,-0.49624833,-0.51844513,1.2732419895100369,-1.7582468,0.78794694,0.0567595466666666,0.05263158,0.0589320605719987,0.0,0.11764706,0.4313725533333333,0.5,0.11886622442039,0.29411766,0.5,0.3333333333333333,0.0,0.5773502691896258,0.0,1.0,14.333333333333334,11.0,10.408329997330664,6.0,26.0,3,0.7020045955492566,0.11886622442039,5.216286279633648,5.216286279633648,Ben Voll,3,48.39028130771815,42.01661706742797,53.15367795220729,39.24907249969262,58.59372269313882,45.22845990614365,48.798534282536345,148,0.0016787953,0.16787954,100
106332.0,Zsombor Senkó,DROPPED,23.0,NK Nafta 1903,0.53889144,0.383098135,0.155793305,0.84817707,0.8674686,0.0893969759486975,0.75593805,0.953589,-0.0252209076666666,-0.178900243,0.952701533679921,-1.2398148,1.298253,0.0408399475,0.03125,0.047637300975488,0.0,0.11111111,0.4075396783333334,0.36666667,0.2259192061602863,0.2,0.8333333,0.0,0.0,0.0,0.0,0.0,9.833333333333334,9.0,3.9707262140150976,6.0,17.0,6,0.5210492548143093,0.2259192061602863,0.3958750347566336,0.3958750347566336,Zsombor Senkó,6,47.92811332526685,44.35334999510928,50.03322538580074,37.43438275124913,55.39512913935664,45.54652197758348,47.85387800634744,174,0.0016633311,0.16633311,101
106537.0,Muhamed Sahinovic,DROPPED,22.0,Zemplin Michalovce,0.6288633,0.345279435,0.283583865,0.7775250683333333,0.79502825,0.0897294725922586,0.6458517,0.87581784,0.122181624,0.222782945,0.9012147710485084,-1.2678459,1.4572661,0.0954600872,0.0857142875,0.0627636466949272,0.0,0.2,0.285714294,0.24285715,0.2554717493857004,0.0,0.6666667,0.9,0.0,1.286683937707919,0.0,3.0,9.4,8.5,3.747591819348053,4.0,15.0,10,0.4954721218203834,0.2554717493857004,0.3716814807902328,0.3716814807902328,Muhamed Sahinovic,10,48.11419632391036,53.7989261248831,43.05172102945404,46.73166117057764,48.869694012735295,45.7396093975065,48.38588766604798,162,0.0015446505,0.15446505,102
83562.0,Ivan Rehak,DROPPED,24.0,MFK Dukla Banska Bystrica,0.528078685,0.345279435,0.1827992499999999,0.8243834550000001,0.862179365,0.1481494075566982,0.433559,0.9945353,-0.0533548440909091,-0.1227770149999999,0.77686628529442,-1.5492355,1.462338,0.0682423416818181,0.0645833349999999,0.0613858155090468,0.0,0.2,0.3689270386363636,0.33333334,0.2382574823112719,0.0,1.0,1.008830781818182,1.0,1.113467941909728,0.0,4.0,11.409090909090908,10.5,3.6988941836470777,6.0,21.0,22,0.4625078464255591,0.2382574823112719,0.5689690703964967,0.5689690703964967,Ivan Rehak,22,48.46546952379847,47.97411215201507,48.0998858181014,47.789735172973735,54.79375504937491,43.59600882488505,49.26697112867437,129,0.0015382437,0.15382437,103
79697.0,Yannick Pandor,DROPPED,24.0,Royal Francs Borains,0.513178375,0.34851325,0.1646651249999999,0.8906305714285715,0.89546174,0.0789403002344183,0.7968568,0.98613626,0.2102430972222222,0.370624265,0.9782514597118518,-2.668489,1.4807327,0.0879593091666666,0.1010100999999999,0.0842602055327816,0.0,0.27272728,0.4578042372222222,0.5,0.2981097454201127,0.0,1.0,0.8888888888888888,0.5,1.2782749814122842,0.0,5.0,9.22222222222222,8.5,3.934097632622573,3.0,16.0,18,0.5285958799731351,0.2981097454201127,0.657678657494549,0.657678657494549,Yannick Pandor,18,54.74107290727813,47.74343650108528,49.55409414476615,49.68729921408975,46.77780917409141,43.0549055685283,49.88116032876909,93,0.0012845063,0.12845063,104
29103.0,Justin Ospelt,DROPPED,26.0,Sportfreunde Siegen,0.405667995,0.37057419,0.0350938049999999,0.8875639,0.8875639,0.1537356208316732,0.7788564,0.9962714,0.2916177207142857,0.23462582,0.4225248768701453,-0.13452935,1.0498748,0.1292517007142857,0.125,0.1096872848546209,0.0,0.25,0.6017837528571428,0.5714286,0.1568741801817204,0.4117647,0.8181818,1.5714285714285714,2.0,0.9759000729485332,0.0,3.0,12.0,10.0,7.505553499465136,3.0,25.0,7,0.2881302488509092,0.1568741801817204,1.963466803525163,1.963466803525163,Justin Ospelt,7,53.18151589992027,51.90555774992563,56.02445609675316,55.501352059804574,48.39021502111463,44.87750999319878,52.21128844433751,27,0.0011692563,0.11692563,105
184398.0,Emile Doucouré,DROPPED,18.0,Jong Genk,0.67107149,0.34851325,0.32255824,0.8682679,0.8682679,,0.8682679,0.8682679,0.652986,0.652986,,0.652986,0.652986,0.0,0.0,,0.0,0.0,0.4,0.4,,0.4,0.4,1.0,1.0,,1.0,1.0,11.0,11.0,,11.0,11.0,1,,,,,Emile Doucouré,1,57.57045896248534,36.082615518893896,46.16182540266882,51.17360177442839,51.92066812108533,,49.41342840458461,124,0.0011299466,0.112994656,106
116134.0,Simon Spari,DROPPED,23.0,FC St. Pauli II,0.6016963049999999,0.26403716,0.3376591449999999,0.8742523783333334,0.91417271,0.0916928597320217,0.75238895,0.952785,0.0414674466666666,0.17136598,1.3810546462963238,-2.3922544,1.5685297,0.0978735888888888,0.06666667,0.1006725060551824,0.0,0.33333334,0.3281385311111111,0.33333334,0.1860625983976459,0.1,0.6,1.5555555555555556,1.0,1.6666666666666667,0.0,5.0,14.11111111111111,13.0,5.754225500544022,5.0,22.0,9,0.7363737530141727,0.1860625983976459,1.0876460210259893,1.0876460210259893,Simon Spari,9,50.31957160783764,49.68818345179828,50.290361257379416,50.52704627669473,47.2981865404111,44.7931366482684,49.329061129482966,126,0.0010181968,0.10181968,107
51611.0,Maxim Deman,DROPPED,24.0,SK Beveren,0.67107149,0.34851325,0.32255824,,,,,,0.15896093,0.15896093,0.015962270904912,0.1476739,0.17024796,0.16666667,0.16666667,0.0785674122750966,0.11111112,0.22222222,0.7142857149999999,0.7142857149999999,0.4040610168107317,0.42857143,1.0,0.0,0.0,0.0,0.0,0.0,7.0,7.0,,7.0,7.0,2,0.015962270904912,0.4040610168107317,0.7679988464259938,0.7679988464259938,Maxim Deman,2,51.32928620287651,61.0977911082236,63.60158418410707,40.00447893012998,38.29118872623879,48.34021384212056,51.23427804049052,46,0.0007243565,0.07243565,108
115558.0,Marko Alcevski,DROPPED,23.0,OFK Belgrad,0.5,0.34917809,0.15082191,,,,,,-2.1989121,-2.1989121,,-2.1989121,-2.1989121,0.05,0.05,,0.05,0.05,0.0,0.0,,0.0,0.0,0.0,0.0,,0.0,0.0,17.0,17.0,,17.0,17.0,1,,,,,Marko Alcevski,1,2.7375942812149034,44.639276706822095,30.842997134815946,37.1825180688268,73.97190524578363,,35.38821605199068,217,0.0006777976,0.06777976,109
