player_id,player_name,age,current_score,potential_score,potential_rank,similar_gk_1,similarity_score_1,sim1_young_age,sim1_shot_stopping,sim1_handling,sim1_distribution,sim1_sweeping,sim1_reliability,sim1_consistency,similar_gk_2,similarity_score_2,sim2_young_age,sim2_shot_stopping,sim2_handling,sim2_distribution,sim2_sweeping,sim2_reliability,sim2_consistency,similar_gk_3,similarity_score_3,sim3_young_age,sim3_shot_stopping,sim3_handling,sim3_distribution,sim3_sweeping,sim3_reliability,sim3_consistency
117996.0,Finn Kotyrba,22.0,57.63890587044298,,,Maximilian Weisbäcker,0.9841558073251647,24.0,46.842607074229676,67.39076021898605,50.77472752504936,46.82245372648347,47.71193366016076,42.344985075272,Jean Butez,0.9774520965483053,30.0,50.77469879346565,55.81718097111096,50.82773405728266,58.35957802315499,51.093261271682856,43.592453318279176,Brent Gabriël,0.9768420740735226,27.0,49.72605345178301,57.19437178251265,50.296485018336696,52.109707959126325,53.47851953621941,44.60148909775798
166234.0,Marko Gudžulić,23.0,54.848203814311354,,,Andrea Hoxha,0.9940911251568095,26.0,54.632190511818685,46.781928732438104,51.94897888011032,42.69658991973789,54.98302139277174,45.09052388771825,Hervé Koffi,0.994018197093644,29.0,52.696353931360704,54.15274124872919,47.40748326499958,49.3595509736496,52.37970963047071,43.2914747081194,Antonín Kinský,0.9933990943678687,22.0,51.88404653057087,53.3514087554018,47.5857205047183,49.69453672187339,56.317255831060976,44.61048816238198
53364.0,Taishi Brandon Nozawa,23.0,54.776770943347955,,,Antonín Kinský,0.9964058712822209,22.0,51.88404653057087,53.3514087554018,47.5857205047183,49.69453672187339,56.317255831060976,44.61048816238198,Marius Müller,0.9961413738167753,32.0,50.618483343805,52.05214980260434,46.71950877803234,53.296794247971604,61.24892877012243,44.95887057322816,Hervé Koffi,0.9953640868043908,29.0,52.696353931360704,54.15274124872919,47.40748326499958,49.3595509736496,52.37970963047071,43.2914747081194
126501.0,Paul Argney,19.0,54.607573258266484,,,Andrija Katic,0.9795119334391637,24.0,45.246200331557006,51.7338110413664,57.3644801484022,49.487108187905434,42.67767530386597,43.16268065050644,Luca Petzold,0.972173883972345,24.0,43.887705690305424,46.27231382359704,54.86206870171563,49.981837850534795,47.909437757899326,43.73707448075528,Nacho Miras,0.9711186727482568,28.0,48.7938091651079,47.71209134733794,49.31243331379464,47.810417360875455,43.66765289912867,43.72231283715715
60809.0,Andrea Hoxha,26.0,54.16202824392244,,,Luca Petzold,0.9991623936417876,24.0,43.887705690305424,46.27231382359704,54.86206870171563,49.981837850534795,47.909437757899326,43.73707448075528,Taishi Brandon Nozawa,0.9987468117783327,23.0,48.16414606588572,48.96902843973658,48.98613572643285,48.471602523229684,48.16491925958806,44.35952270254134,Kamil Grabara,0.9985515709873745,27.0,47.95326297186434,49.86294260858529,47.83935939837255,50.42926376959961,48.9108513203225,43.21550450123318
49045.0,Valdemar Birksø,24.0,54.140066922402355,,,Fabian de Keijzer,0.9961308094535273,25.0,50.10603685143083,47.51608865431524,40.740750040068384,45.85694801697373,62.03973063982812,46.390634748710504,Antonín Kinský,0.9915939047047705,22.0,51.88404653057087,53.3514087554018,47.5857205047183,49.69453672187339,56.317255831060976,44.61048816238198,Marius Müller,0.9913919284623458,32.0,50.618483343805,52.05214980260434,46.71950877803234,53.296794247971604,61.24892877012243,44.95887057322816
13289.0,Patrik Gunnarsson,25.0,53.660039333843734,,,Jean Butez,0.9977866628853403,30.0,50.77469879346565,55.81718097111096,50.82773405728266,58.35957802315499,51.093261271682856,43.592453318279176,Jari De Busser,0.9969216942628523,26.0,52.08468604486447,52.846583284940664,51.03032658145914,58.927199630940535,50.32700647550509,44.67479529162929,Hidde Jurjus,0.9957353217044883,32.0,48.53062899835782,47.090276920827684,53.46750437751949,57.90990420427275,46.07347319147256,43.20882783813978
28737.0,Daan Reiziger,24.0,53.561130634571875,,,Fabian de Keijzer,0.9836222817128322,25.0,50.10603685143083,47.51608865431524,40.740750040068384,45.85694801697373,62.03973063982812,46.390634748710504,Justin Heekeren,0.9820457730203613,25.0,49.05727410790486,57.9558222326541,53.42344422939864,52.72992412709227,59.65002782817045,43.13010612687076,Marius Müller,0.9814485701840185,32.0,50.618483343805,52.05214980260434,46.71950877803234,53.296794247971604,61.24892877012243,44.95887057322816
62320.0,Gonzalo Crettaz,26.0,52.84856165620312,,,Filip Stanković,0.9980459693191218,24.0,50.92804282893711,46.188046326031525,46.09742533610196,53.52408755729257,60.89470403800201,44.783897049085944,Marius Müller,0.9974758534349665,32.0,50.618483343805,52.05214980260434,46.71950877803234,53.296794247971604,61.24892877012243,44.95887057322816,Matous Trmal,0.9971674530558908,27.0,47.260051870133246,49.682929433036996,42.75705793864761,50.899266064812615,55.028738995062554,43.85371094262805
56408.0,Tom Hendriks,23.0,52.55367465382215,,,Matous Trmal,0.9961674456271128,27.0,47.260051870133246,49.682929433036996,42.75705793864761,50.899266064812615,55.028738995062554,43.85371094262805,Marius Müller,0.9957465598982508,32.0,50.618483343805,52.05214980260434,46.71950877803234,53.296794247971604,61.24892877012243,44.95887057322816,Filip Stanković,0.9955951725080715,24.0,50.92804282893711,46.188046326031525,46.09742533610196,53.52408755729257,60.89470403800201,44.783897049085944
4611.0,Rihards Matrevics,26.0,52.54488821954447,,,Fabian de Keijzer,0.9995040638312832,25.0,50.10603685143083,47.51608865431524,40.740750040068384,45.85694801697373,62.03973063982812,46.390634748710504,Marius Müller,0.9971860327441933,32.0,50.618483343805,52.05214980260434,46.71950877803234,53.296794247971604,61.24892877012243,44.95887057322816,Filip Stanković,0.9971514050461405,24.0,50.92804282893711,46.188046326031525,46.09742533610196,53.52408755729257,60.89470403800201,44.783897049085944
104207.0,Tom Ritzy Hülsmann,21.0,52.34643318164344,,,Antonín Kinský,0.9978317134639089,22.0,51.88404653057087,53.3514087554018,47.5857205047183,49.69453672187339,56.317255831060976,44.61048816238198,Hervé Koffi,0.997095144546884,29.0,52.696353931360704,54.15274124872919,47.40748326499958,49.3595509736496,52.37970963047071,43.2914747081194,Andrea Hoxha,0.9968575706679053,26.0,54.632190511818685,46.781928732438104,51.94897888011032,42.69658991973789,54.98302139277174,45.09052388771825
29103.0,Justin Ospelt,26.0,52.211288444337505,,,Nacho Miras,0.9993009200419105,28.0,48.7938091651079,47.71209134733794,49.31243331379464,47.810417360875455,43.66765289912867,43.72231283715715,Hidde Jurjus,0.9988012581309484,32.0,48.53062899835782,47.090276920827684,53.46750437751949,57.90990420427275,46.07347319147256,43.20882783813978,Jari De Busser,0.9986787186033012,26.0,52.08468604486447,52.846583284940664,51.03032658145914,58.927199630940535,50.32700647550509,44.67479529162929
46563.0,Franz Stolz,25.0,52.19914705804505,,,Taishi Brandon Nozawa,0.9976798010706661,23.0,48.16414606588572,48.96902843973658,48.98613572643285,48.471602523229684,48.16491925958806,44.35952270254134,Brent Gabriël,0.9975370843070562,27.0,49.72605345178301,57.19437178251265,50.296485018336696,52.109707959126325,53.47851953621941,44.60148909775798,Nacho Miras,0.9973689192379767,28.0,48.7938091651079,47.71209134733794,49.31243331379464,47.810417360875455,43.66765289912867,43.72231283715715
53549.0,Ennio van der Gouw,26.0,52.13702957667499,,,Matous Trmal,0.9992437706022813,27.0,47.260051870133246,49.682929433036996,42.75705793864761,50.899266064812615,55.028738995062554,43.85371094262805,Marius Müller,0.9980903964135334,32.0,50.618483343805,52.05214980260434,46.71950877803234,53.296794247971604,61.24892877012243,44.95887057322816,Antonín Kinský,0.9978201757049308,22.0,51.88404653057087,53.3514087554018,47.5857205047183,49.69453672187339,56.317255831060976,44.61048816238198
126428.0,Justin Heekeren,25.0,52.02218748827953,,,Taishi Brandon Nozawa,0.9994147079613847,23.0,48.16414606588572,48.96902843973658,48.98613572643285,48.471602523229684,48.16491925958806,44.35952270254134,Kamil Grabara,0.9992461150063852,27.0,47.95326297186434,49.86294260858529,47.83935939837255,50.42926376959961,48.9108513203225,43.21550450123318,Brent Gabriël,0.9992390522755202,27.0,49.72605345178301,57.19437178251265,50.296485018336696,52.109707959126325,53.47851953621941,44.60148909775798
30320.0,Jakub Markovic,24.0,51.988558946018905,,,Antonín Kinský,0.9988609302844949,22.0,51.88404653057087,53.3514087554018,47.5857205047183,49.69453672187339,56.317255831060976,44.61048816238198,Hervé Koffi,0.9979525701730494,29.0,52.696353931360704,54.15274124872919,47.40748326499958,49.3595509736496,52.37970963047071,43.2914747081194,Marius Müller,0.9974475300685517,32.0,50.618483343805,52.05214980260434,46.71950877803234,53.296794247971604,61.24892877012243,44.95887057322816
63983.0,Luca Petzold,24.0,51.77293074143722,,,Pavlo Isenko,0.9998385748289723,22.0,49.833201910802565,49.90900482212886,47.524404914199245,48.59824951669898,51.62453686442999,43.914272751233504,Antonín Kinský,0.9996441438041621,22.0,51.88404653057087,53.3514087554018,47.5857205047183,49.69453672187339,56.317255831060976,44.61048816238198,Georgiy Yermakov,0.9994743817536752,23.0,48.90315283987026,48.29634971938516,50.747194502228155,48.64026799712225,54.65402244572019,43.37452432527026
4579.0,Hans Christian Bernat,25.0,51.733054540940934,,,Matous Trmal,0.9993530112679249,27.0,47.260051870133246,49.682929433036996,42.75705793864761,50.899266064812615,55.028738995062554,43.85371094262805,Marius Müller,0.9991630738359124,32.0,50.618483343805,52.05214980260434,46.71950877803234,53.296794247971604,61.24892877012243,44.95887057322816,Filip Stanković,0.9988832100610338,24.0,50.92804282893711,46.188046326031525,46.09742533610196,53.52408755729257,60.89470403800201,44.783897049085944
117339.0,Maximilian Weisbäcker,24.0,51.57165772338558,,,Brent Gabriël,0.9990577971055511,27.0,49.72605345178301,57.19437178251265,50.296485018336696,52.109707959126325,53.47851953621941,44.60148909775798,Justin Heekeren,0.9982751579276355,25.0,49.05727410790486,57.9558222326541,53.42344422939864,52.72992412709227,59.65002782817045,43.13010612687076,Hervé Koffi,0.9974285167308792,29.0,52.696353931360704,54.15274124872919,47.40748326499958,49.3595509736496,52.37970963047071,43.2914747081194
52669.0,Andrija Katic,24.0,51.486729712578715,,,Nacho Miras,0.9970085128224019,28.0,48.7938091651079,47.71209134733794,49.31243331379464,47.810417360875455,43.66765289912867,43.72231283715715,Brent Gabriël,0.9966742986567879,27.0,49.72605345178301,57.19437178251265,50.296485018336696,52.109707959126325,53.47851953621941,44.60148909775798,Maximilian Weisbäcker,0.9963579973350976,24.0,46.842607074229676,67.39076021898605,50.77472752504936,46.82245372648347,47.71193366016076,42.344985075272
12926.0,Samuel Brolin,25.0,51.33612085834444,,,Taishi Brandon Nozawa,0.9993476215031799,23.0,48.16414606588572,48.96902843973658,48.98613572643285,48.471602523229684,48.16491925958806,44.35952270254134,Brent Gabriël,0.9992014918524335,27.0,49.72605345178301,57.19437178251265,50.296485018336696,52.109707959126325,53.47851953621941,44.60148909775798,Kamil Grabara,0.9991013254449171,27.0,47.95326297186434,49.86294260858529,47.83935939837255,50.42926376959961,48.9108513203225,43.21550450123318
146483.0,Malwin Zok,22.0,51.32361062547311,,,Hervé Koffi,0.9979334125326516,29.0,52.696353931360704,54.15274124872919,47.40748326499958,49.3595509736496,52.37970963047071,43.2914747081194,Antonín Kinský,0.9978173185956746,22.0,51.88404653057087,53.3514087554018,47.5857205047183,49.69453672187339,56.317255831060976,44.61048816238198,Pavlo Isenko,0.9971813579184086,22.0,49.833201910802565,49.90900482212886,47.524404914199245,48.59824951669898,51.62453686442999,43.914272751233504
32389.0,Florian Wiegele,24.0,51.2343754118701,,,Marco Bizot,0.9969742121683951,35.0,55.260289444014695,,,,45.52157336777201,40.12203085510723,Nacho Miras,0.9969391291464069,28.0,48.7938091651079,47.71209134733794,49.31243331379464,47.810417360875455,43.66765289912867,43.72231283715715,Andrea Hoxha,0.9960601238622995,26.0,54.632190511818685,46.781928732438104,51.94897888011032,42.69658991973789,54.98302139277174,45.09052388771825
51611.0,Maxim Deman,24.0,51.234278040490516,,,Andrija Katic,0.9915410692559329,24.0,45.246200331557006,51.7338110413664,57.3644801484022,49.487108187905434,42.67767530386597,43.16268065050644,Maximilian Weisbäcker,0.9874321265767397,24.0,46.842607074229676,67.39076021898605,50.77472752504936,46.82245372648347,47.71193366016076,42.344985075272,Nacho Miras,0.9867729229521138,28.0,48.7938091651079,47.71209134733794,49.31243331379464,47.810417360875455,43.66765289912867,43.72231283715715
168476.0,Jovan Jovic,23.0,51.22976851463865,,,Brent Gabriël,0.9994060484787552,27.0,49.72605345178301,57.19437178251265,50.296485018336696,52.109707959126325,53.47851953621941,44.60148909775798,Pavlo Isenko,0.9993127587729462,22.0,49.833201910802565,49.90900482212886,47.524404914199245,48.59824951669898,51.62453686442999,43.914272751233504,Kamil Grabara,0.9993056293441558,27.0,47.95326297186434,49.86294260858529,47.83935939837255,50.42926376959961,48.9108513203225,43.21550450123318
43239.0,Jari De Busser,26.0,51.16266547804269,,,Hervé Koffi,0.9995519224395524,29.0,52.696353931360704,54.15274124872919,47.40748326499958,49.3595509736496,52.37970963047071,43.2914747081194,Antonín Kinský,0.9992915178568735,22.0,51.88404653057087,53.3514087554018,47.5857205047183,49.69453672187339,56.317255831060976,44.61048816238198,Pavlo Isenko,0.9987717321666447,22.0,49.833201910802565,49.90900482212886,47.524404914199245,48.59824951669898,51.62453686442999,43.914272751233504
53183.0,Simon Ngapandouetnbu,22.0,50.99475943427322,,,Nacho Miras,0.9976496730221214,28.0,48.7938091651079,47.71209134733794,49.31243331379464,47.810417360875455,43.66765289912867,43.72231283715715,Andrija Katic,0.9975092128071426,24.0,45.246200331557006,51.7338110413664,57.3644801484022,49.487108187905434,42.67767530386597,43.16268065050644,Marco Bizot,0.9970072824424268,35.0,55.260289444014695,,,,45.52157336777201,40.12203085510723
51830.0,Youri Schoonderwaldt,25.0,50.960654801246754,,,Jari De Busser,0.9994085510967554,26.0,52.08468604486447,52.846583284940664,51.03032658145914,58.927199630940535,50.32700647550509,44.67479529162929,Jean Butez,0.9989056129190304,30.0,50.77469879346565,55.81718097111096,50.82773405728266,58.35957802315499,51.093261271682856,43.592453318279176,Hidde Jurjus,0.9986446438321108,32.0,48.53062899835782,47.090276920827684,53.46750437751949,57.90990420427275,46.07347319147256,43.20882783813978
83010.0,Jan Olschowsky,24.0,50.6390760158502,,,Jari De Busser,0.9993910164519194,26.0,52.08468604486447,52.846583284940664,51.03032658145914,58.927199630940535,50.32700647550509,44.67479529162929,Jean Butez,0.9992495879079644,30.0,50.77469879346565,55.81718097111096,50.82773405728266,58.35957802315499,51.093261271682856,43.592453318279176,Kamil Grabara,0.9991572025917671,27.0,47.95326297186434,49.86294260858529,47.83935939837255,50.42926376959961,48.9108513203225,43.21550450123318
49611.0,Diant Ramaj,24.0,50.595359412909005,,,Marius Müller,0.9985347047656309,32.0,50.618483343805,52.05214980260434,46.71950877803234,53.296794247971604,61.24892877012243,44.95887057322816,Fabian de Keijzer,0.9979912442651862,25.0,50.10603685143083,47.51608865431524,40.740750040068384,45.85694801697373,62.03973063982812,46.390634748710504,Matous Trmal,0.9977037767487904,27.0,47.260051870133246,49.682929433036996,42.75705793864761,50.899266064812615,55.028738995062554,43.85371094262805
169620.0,Louis Lord,22.0,50.53045260311162,,,Andrea Hoxha,0.9939298032109791,26.0,54.632190511818685,46.781928732438104,51.94897888011032,42.69658991973789,54.98302139277174,45.09052388771825,Marco Bizot,0.9934087527944016,35.0,55.260289444014695,,,,45.52157336777201,40.12203085510723,Nacho Miras,0.9921741751172168,28.0,48.7938091651079,47.71209134733794,49.31243331379464,47.810417360875455,43.66765289912867,43.72231283715715
116674.0,Otto Hindrich,23.0,50.530330085889915,,,Fabian de Keijzer,0.9922655583579979,25.0,50.10603685143083,47.51608865431524,40.740750040068384,45.85694801697373,62.03973063982812,46.390634748710504,Andrea Hoxha,0.9902347585920032,26.0,54.632190511818685,46.781928732438104,51.94897888011032,42.69658991973789,54.98302139277174,45.09052388771825,Hans Christian Bernat,0.9886701442465727,25.0,52.040407699833295,45.34001704045558,46.115011965232675,47.65636037167391,51.025171333703526,45.56919851478268
27683.0,Zion Suzuki,23.0,50.49937312785942,,,Antonín Kinský,0.9995808386772074,22.0,51.88404653057087,53.3514087554018,47.5857205047183,49.69453672187339,56.317255831060976,44.61048816238198,Georgiy Yermakov,0.9991697655249894,23.0,48.90315283987026,48.29634971938516,50.747194502228155,48.64026799712225,54.65402244572019,43.37452432527026,Marius Müller,0.9989982678187652,32.0,50.618483343805,52.05214980260434,46.71950877803234,53.296794247971604,61.24892877012243,44.95887057322816
44642.0,Kjell Scherpen,26.0,50.415806305522565,,,Georgiy Yermakov,0.9994438424259646,23.0,48.90315283987026,48.29634971938516,50.747194502228155,48.64026799712225,54.65402244572019,43.37452432527026,Antonín Kinský,0.999410112793914,22.0,51.88404653057087,53.3514087554018,47.5857205047183,49.69453672187339,56.317255831060976,44.61048816238198,Pavlo Isenko,0.9993756216677941,22.0,49.833201910802565,49.90900482212886,47.524404914199245,48.59824951669898,51.62453686442999,43.914272751233504
130814.0,Yannick Etile,25.0,50.36271966290645,,,Andrea Hoxha,0.9779969827124448,26.0,54.632190511818685,46.781928732438104,51.94897888011032,42.69658991973789,54.98302139277174,45.09052388771825,Patrick Drewes,0.9735264591692042,33.0,56.194363581176795,49.24218205633876,54.797733736052706,53.51661865971393,55.07915620368409,44.399117691134336,Dominik Holec,0.9723002927039031,31.0,52.287744503931016,48.94962187724976,55.362422372478065,51.161652597834475,58.615286413822304,44.90382246955842
146112.0,Georgiy Yermakov,23.0,50.31144011583084,,,Marco Bizot,0.9986683400495464,35.0,55.260289444014695,,,,45.52157336777201,40.12203085510723,Jari De Busser,0.9986501054660044,26.0,52.08468604486447,52.846583284940664,51.03032658145914,58.927199630940535,50.32700647550509,44.67479529162929,Nacho Miras,0.9984885717037634,28.0,48.7938091651079,47.71209134733794,49.31243331379464,47.810417360875455,43.66765289912867,43.72231283715715
28779.0,Issam El Maach,26.0,50.303333310058186,,,Filip Stanković,0.999038843752013,24.0,50.92804282893711,46.188046326031525,46.09742533610196,53.52408755729257,60.89470403800201,44.783897049085944,Dominik Holec,0.9984849151415404,31.0,52.287744503931016,48.94962187724976,55.362422372478065,51.161652597834475,58.615286413822304,44.90382246955842,Georgiy Yermakov,0.9984429139401934,23.0,48.90315283987026,48.29634971938516,50.747194502228155,48.64026799712225,54.65402244572019,43.37452432527026
47231.0,Filip Stanković,24.0,50.18245996348455,,,Hans Christian Bernat,0.9996764358170951,25.0,52.040407699833295,45.34001704045558,46.115011965232675,47.65636037167391,51.025171333703526,45.56919851478268,Gasper Tratnik,0.9994849710138898,26.0,50.43560985582375,49.29855708187071,47.24263753649173,50.039028123341225,49.434155990641024,45.125199792941864,Pavlo Isenko,0.999331241815721,22.0,49.833201910802565,49.90900482212886,47.524404914199245,48.59824951669898,51.62453686442999,43.914272751233504
106681.0,Max Schmitt,20.0,50.03526364465394,,,Maximilian Weisbäcker,0.9985475092813493,24.0,46.842607074229676,67.39076021898605,50.77472752504936,46.82245372648347,47.71193366016076,42.344985075272,Brent Gabriël,0.9970422504083102,27.0,49.72605345178301,57.19437178251265,50.296485018336696,52.109707959126325,53.47851953621941,44.60148909775798,Jean Butez,0.9958422442865037,30.0,50.77469879346565,55.81718097111096,50.82773405728266,58.35957802315499,51.093261271682856,43.592453318279176
31713.0,Fabian de Keijzer,25.0,50.00763375533037,,,Georgiy Yermakov,0.9996306074339966,23.0,48.90315283987026,48.29634971938516,50.747194502228155,48.64026799712225,54.65402244572019,43.37452432527026,Dominik Holec,0.999307228966319,31.0,52.287744503931016,48.94962187724976,55.362422372478065,51.161652597834475,58.615286413822304,44.90382246955842,Pavlo Isenko,0.9991580388933367,22.0,49.833201910802565,49.90900482212886,47.524404914199245,48.59824951669898,51.62453686442999,43.914272751233504
116720.0,Plamen Andreev,21.0,50.0,,,Pavlo Isenko,0.999873595558771,22.0,49.833201910802565,49.90900482212886,47.524404914199245,48.59824951669898,51.62453686442999,43.914272751233504,Taishi Brandon Nozawa,0.9998093366265348,23.0,48.16414606588572,48.96902843973658,48.98613572643285,48.471602523229684,48.16491925958806,44.35952270254134,Gasper Tratnik,0.9997374783987371,26.0,50.43560985582375,49.29855708187071,47.24263753649173,50.039028123341225,49.434155990641024,45.125199792941864
32331.0,Leopold Wahlstedt,26.0,49.971768349170695,,,Fabian de Keijzer,0.9964332912444067,25.0,50.10603685143083,47.51608865431524,40.740750040068384,45.85694801697373,62.03973063982812,46.390634748710504,Matous Trmal,0.9948833249638637,27.0,47.260051870133246,49.682929433036996,42.75705793864761,50.899266064812615,55.028738995062554,43.85371094262805,Marius Müller,0.9946370327441354,32.0,50.618483343805,52.05214980260434,46.71950877803234,53.296794247971604,61.24892877012243,44.95887057322816
38429.0,Karol Niemczycki,26.0,49.949983815986805,,,Georgiy Yermakov,0.9996307189801092,23.0,48.90315283987026,48.29634971938516,50.747194502228155,48.64026799712225,54.65402244572019,43.37452432527026,Dominik Holec,0.9992519466371202,31.0,52.287744503931016,48.94962187724976,55.362422372478065,51.161652597834475,58.615286413822304,44.90382246955842,Antonín Kinský,0.9991422033711425,22.0,51.88404653057087,53.3514087554018,47.5857205047183,49.69453672187339,56.317255831060976,44.61048816238198
13811.0,Oliver Christensen,26.0,49.92703542760279,,,Hidde Jurjus,0.9961152941727797,32.0,48.53062899835782,47.090276920827684,53.46750437751949,57.90990420427275,46.07347319147256,43.20882783813978,Jari De Busser,0.9950610495875065,26.0,52.08468604486447,52.846583284940664,51.03032658145914,58.927199630940535,50.32700647550509,44.67479529162929,Patrik Gunnarsson,0.9934775749084891,25.0,47.79913382597286,55.77736796942522,52.33638033197686,61.028847129485996,45.70604557326881,43.17785902927119
106592.0,Antonín Kinský,22.0,49.905575132922124,,,Andrija Katic,0.9980104832594676,24.0,45.246200331557006,51.7338110413664,57.3644801484022,49.487108187905434,42.67767530386597,43.16268065050644,Patrik Gunnarsson,0.9960463206137301,25.0,47.79913382597286,55.77736796942522,52.33638033197686,61.028847129485996,45.70604557326881,43.17785902927119,Luca Petzold,0.9937330082437617,24.0,43.887705690305424,46.27231382359704,54.86206870171563,49.981837850534795,47.909437757899326,43.73707448075528
47278.0,Lukas Schneller,24.0,49.89395881384908,,,Taishi Brandon Nozawa,0.999680160444783,23.0,48.16414606588572,48.96902843973658,48.98613572643285,48.471602523229684,48.16491925958806,44.35952270254134,Kamil Grabara,0.9996578654336541,27.0,47.95326297186434,49.86294260858529,47.83935939837255,50.42926376959961,48.9108513203225,43.21550450123318,Gasper Tratnik,0.9992749363666027,26.0,50.43560985582375,49.29855708187071,47.24263753649173,50.039028123341225,49.434155990641024,45.125199792941864
79697.0,Yannick Pandor,24.0,49.881160328769084,,,Marco Bizot,0.9994785790744373,35.0,55.260289444014695,,,,45.52157336777201,40.12203085510723,Nacho Miras,0.9989418934578538,28.0,48.7938091651079,47.71209134733794,49.31243331379464,47.810417360875455,43.66765289912867,43.72231283715715,Patrick Drewes,0.9987774672832173,33.0,56.194363581176795,49.24218205633876,54.797733736052706,53.51661865971393,55.07915620368409,44.399117691134336
53680.0,Fabian Eutinger,22.0,49.827478941326454,,,Matous Trmal,0.9995139087014867,27.0,47.260051870133246,49.682929433036996,42.75705793864761,50.899266064812615,55.028738995062554,43.85371094262805,Antonín Kinský,0.9992785926721572,22.0,51.88404653057087,53.3514087554018,47.5857205047183,49.69453672187339,56.317255831060976,44.61048816238198,Rihards Matrevics,0.9992132819961759,26.0,46.52031088956172,45.57918437950524,44.09221039704963,47.00811887839371,48.80110760297313,43.29145478898042
27748.0,Kosei Tani,25.0,49.756612306296084,,,Kamil Grabara,0.9996617797649092,27.0,47.95326297186434,49.86294260858529,47.83935939837255,50.42926376959961,48.9108513203225,43.21550450123318,Pavlo Isenko,0.9995243666865944,22.0,49.833201910802565,49.90900482212886,47.524404914199245,48.59824951669898,51.62453686442999,43.914272751233504,Taishi Brandon Nozawa,0.9994514808397894,23.0,48.16414606588572,48.96902843973658,48.98613572643285,48.471602523229684,48.16491925958806,44.35952270254134
28572.0,Miso Dubljanic,26.0,49.7456426487247,,,Taishi Brandon Nozawa,0.9999581586170873,23.0,48.16414606588572,48.96902843973658,48.98613572643285,48.471602523229684,48.16491925958806,44.35952270254134,Kamil Grabara,0.9997914770559847,27.0,47.95326297186434,49.86294260858529,47.83935939837255,50.42926376959961,48.9108513203225,43.21550450123318,Gasper Tratnik,0.99976359657356,26.0,50.43560985582375,49.29855708187071,47.24263753649173,50.039028123341225,49.434155990641024,45.125199792941864
5674.0,Luca Unbehaun,25.0,49.73881119232215,,,Jari De Busser,0.9993371913630569,26.0,52.08468604486447,52.846583284940664,51.03032658145914,58.927199630940535,50.32700647550509,44.67479529162929,Hidde Jurjus,0.9986365983326687,32.0,48.53062899835782,47.090276920827684,53.46750437751949,57.90990420427275,46.07347319147256,43.20882783813978,Jean Butez,0.9982626035610435,30.0,50.77469879346565,55.81718097111096,50.82773405728266,58.35957802315499,51.093261271682856,43.592453318279176
96075.0,Kjell Peersman,21.0,49.68825643186373,,,Nacho Miras,0.9996296683692146,28.0,48.7938091651079,47.71209134733794,49.31243331379464,47.810417360875455,43.66765289912867,43.72231283715715,Taishi Brandon Nozawa,0.9995707811822614,23.0,48.16414606588572,48.96902843973658,48.98613572643285,48.471602523229684,48.16491925958806,44.35952270254134,Kamil Grabara,0.9991873175402415,27.0,47.95326297186434,49.86294260858529,47.83935939837255,50.42926376959961,48.9108513203225,43.21550450123318
116723.0,Pavlo Isenko,22.0,49.674173249493954,,,Taishi Brandon Nozawa,0.9998315911339606,23.0,48.16414606588572,48.96902843973658,48.98613572643285,48.471602523229684,48.16491925958806,44.35952270254134,Kamil Grabara,0.9997998911682201,27.0,47.95326297186434,49.86294260858529,47.83935939837255,50.42926376959961,48.9108513203225,43.21550450123318,Gasper Tratnik,0.9996292662531074,26.0,50.43560985582375,49.29855708187071,47.24263753649173,50.039028123341225,49.434155990641024,45.125199792941864
133147.0,Gasper Tratnik,26.0,49.65137226508937,,,Taishi Brandon Nozawa,0.9996148172075415,23.0,48.16414606588572,48.96902843973658,48.98613572643285,48.471602523229684,48.16491925958806,44.35952270254134,Kamil Grabara,0.9995773688507816,27.0,47.95326297186434,49.86294260858529,47.83935939837255,50.42926376959961,48.9108513203225,43.21550450123318,Nacho Miras,0.9992901501970911,28.0,48.7938091651079,47.71209134733794,49.31243331379464,47.810417360875455,43.66765289912867,43.72231283715715
114308.0,Markus Ponath,25.0,49.62085499558416,,,Andrija Katic,0.9990544734514532,24.0,45.246200331557006,51.7338110413664,57.3644801484022,49.487108187905434,42.67767530386597,43.16268065050644,Luca Petzold,0.9983507076588714,24.0,43.887705690305424,46.27231382359704,54.86206870171563,49.981837850534795,47.909437757899326,43.73707448075528,Nacho Miras,0.9958589975802773,28.0,48.7938091651079,47.71209134733794,49.31243331379464,47.810417360875455,43.66765289912867,43.72231283715715
81122.0,Nahuel Noll,22.0,49.52304802251096,,,Patrick Drewes,0.9991412014104458,33.0,56.194363581176795,49.24218205633876,54.797733736052706,53.51661865971393,55.07915620368409,44.399117691134336,Rihards Matrevics,0.9989709346612683,26.0,46.52031088956172,45.57918437950524,44.09221039704963,47.00811887839371,48.80110760297313,43.29145478898042,Gasper Tratnik,0.998952324432287,26.0,50.43560985582375,49.29855708187071,47.24263753649173,50.039028123341225,49.434155990641024,45.125199792941864
103168.0,Mohamed Koné,24.0,49.5131979020637,,,Jean Butez,0.9988604329647464,30.0,50.77469879346565,55.81718097111096,50.82773405728266,58.35957802315499,51.093261271682856,43.592453318279176,Patrik Gunnarsson,0.9982055870470744,25.0,47.79913382597286,55.77736796942522,52.33638033197686,61.028847129485996,45.70604557326881,43.17785902927119,Brent Gabriël,0.9978580124914413,27.0,49.72605345178301,57.19437178251265,50.296485018336696,52.109707959126325,53.47851953621941,44.60148909775798
51533.0,Vincent Müller,25.0,49.46062853677048,,,Taishi Brandon Nozawa,0.9996753858356601,23.0,48.16414606588572,48.96902843973658,48.98613572643285,48.471602523229684,48.16491925958806,44.35952270254134,Nacho Miras,0.9995595403177913,28.0,48.7938091651079,47.71209134733794,49.31243331379464,47.810417360875455,43.66765289912867,43.72231283715715,Kamil Grabara,0.9994038190880435,27.0,47.95326297186434,49.86294260858529,47.83935939837255,50.42926376959961,48.9108513203225,43.21550450123318
47972.0,Daniel Bielica,26.0,49.42611621725871,,,Nacho Miras,0.9990435845035948,28.0,48.7938091651079,47.71209134733794,49.31243331379464,47.810417360875455,43.66765289912867,43.72231283715715,Andrija Katic,0.9988250586181687,24.0,45.246200331557006,51.7338110413664,57.3644801484022,49.487108187905434,42.67767530386597,43.16268065050644,Hidde Jurjus,0.99765382810591,32.0,48.53062899835782,47.090276920827684,53.46750437751949,57.90990420427275,46.07347319147256,43.20882783813978
184398.0,Emile Doucouré,18.0,49.41342840458461,,,Hans Christian Bernat,0.9953277392923184,25.0,52.040407699833295,45.34001704045558,46.115011965232675,47.65636037167391,51.025171333703526,45.56919851478268,Patrick Drewes,0.9944500515407746,33.0,56.194363581176795,49.24218205633876,54.797733736052706,53.51661865971393,55.07915620368409,44.399117691134336,Filip Stanković,0.993230445535367,24.0,50.92804282893711,46.188046326031525,46.09742533610196,53.52408755729257,60.89470403800201,44.783897049085944
5911.0,Maduka Okoye,26.0,49.36172240800196,,,Taishi Brandon Nozawa,0.9993081822504181,23.0,48.16414606588572,48.96902843973658,48.98613572643285,48.471602523229684,48.16491925958806,44.35952270254134,Patrick Drewes,0.9992852291081589,33.0,56.194363581176795,49.24218205633876,54.797733736052706,53.51661865971393,55.07915620368409,44.399117691134336,Nacho Miras,0.9991462314204531,28.0,48.7938091651079,47.71209134733794,49.31243331379464,47.810417360875455,43.66765289912867,43.72231283715715
116134.0,Simon Spari,23.0,49.329061129482966,,,Nacho Miras,0.9997980758879798,28.0,48.7938091651079,47.71209134733794,49.31243331379464,47.810417360875455,43.66765289912867,43.72231283715715,Taishi Brandon Nozawa,0.999779176527292,23.0,48.16414606588572,48.96902843973658,48.98613572643285,48.471602523229684,48.16491925958806,44.35952270254134,Kamil Grabara,0.9995333857067425,27.0,47.95326297186434,49.86294260858529,47.83935939837255,50.42926376959961,48.9108513203225,43.21550450123318
171996.0,Jesper Heim,26.0,49.32852607365788,,,Patrick Drewes,0.999312008190567,33.0,56.194363581176795,49.24218205633876,54.797733736052706,53.51661865971393,55.07915620368409,44.399117691134336,Nacho Miras,0.9991245405253903,28.0,48.7938091651079,47.71209134733794,49.31243331379464,47.810417360875455,43.66765289912867,43.72231283715715,Taishi Brandon Nozawa,0.9991002911424717,23.0,48.16414606588572,48.96902843973658,48.98613572643285,48.471602523229684,48.16491925958806,44.35952270254134
83562.0,Ivan Rehak,24.0,49.26697112867437,,,Georgiy Yermakov,0.9998067932102628,23.0,48.90315283987026,48.29634971938516,50.747194502228155,48.64026799712225,54.65402244572019,43.37452432527026,Pavlo Isenko,0.9994099992505772,22.0,49.833201910802565,49.90900482212886,47.524404914199245,48.59824951669898,51.62453686442999,43.914272751233504,Antonín Kinský,0.9993231739446481,22.0,51.88404653057087,53.3514087554018,47.5857205047183,49.69453672187339,56.317255831060976,44.61048816238198
107868.0,Justin Treichel,23.0,49.235865963202485,,,Nacho Miras,0.9985800340422833,28.0,48.7938091651079,47.71209134733794,49.31243331379464,47.810417360875455,43.66765289912867,43.72231283715715,Taishi Brandon Nozawa,0.9982805811940886,23.0,48.16414606588572,48.96902843973658,48.98613572643285,48.471602523229684,48.16491925958806,44.35952270254134,Brent Gabriël,0.9981737752023337,27.0,49.72605345178301,57.19437178251265,50.296485018336696,52.109707959126325,53.47851953621941,44.60148909775798
117414.0,Robin Risser,21.0,49.18661763617931,,,Nacho Miras,0.9996097264255147,28.0,48.7938091651079,47.71209134733794,49.31243331379464,47.810417360875455,43.66765289912867,43.72231283715715,Taishi Brandon Nozawa,0.9984934688374452,23.0,48.16414606588572,48.96902843973658,48.98613572643285,48.471602523229684,48.16491925958806,44.35952270254134,Kamil Grabara,0.9981279718135897,27.0,47.95326297186434,49.86294260858529,47.83935939837255,50.42926376959961,48.9108513203225,43.21550450123318
66027.0,Klemen Mihelak,24.0,49.15468054573317,,,Andrea Hoxha,0.9944461425115001,26.0,54.632190511818685,46.781928732438104,51.94897888011032,42.69658991973789,54.98302139277174,45.09052388771825,Hans Christian Bernat,0.9926912134800991,25.0,52.040407699833295,45.34001704045558,46.115011965232675,47.65636037167391,51.025171333703526,45.56919851478268,Marco Bizot,0.9898953344482169,35.0,55.260289444014695,,,,45.52157336777201,40.12203085510723
115810.0,Albert Posiadala,23.0,49.14978078506648,,,Matous Trmal,0.9990044682054567,27.0,47.260051870133246,49.682929433036996,42.75705793864761,50.899266064812615,55.028738995062554,43.85371094262805,Hervé Koffi,0.9987987401304315,29.0,52.696353931360704,54.15274124872919,47.40748326499958,49.3595509736496,52.37970963047071,43.2914747081194,Antonín Kinský,0.9987293181341811,22.0,51.88404653057087,53.3514087554018,47.5857205047183,49.69453672187339,56.317255831060976,44.61048816238198
49401.0,Jan de Boer,25.0,49.11902965738541,,,Patrick Drewes,0.999334654980534,33.0,56.194363581176795,49.24218205633876,54.797733736052706,53.51661865971393,55.07915620368409,44.399117691134336,Taishi Brandon Nozawa,0.9987248976239975,23.0,48.16414606588572,48.96902843973658,48.98613572643285,48.471602523229684,48.16491925958806,44.35952270254134,Nacho Miras,0.9987054056117115,28.0,48.7938091651079,47.71209134733794,49.31243331379464,47.810417360875455,43.66765289912867,43.72231283715715
116815.0,Denis Pintol,26.0,49.090120904244785,,,Justin Heekeren,0.9969323405112746,25.0,49.05727410790486,57.9558222326541,53.42344422939864,52.72992412709227,59.65002782817045,43.13010612687076,Brent Gabriël,0.9946544406205718,27.0,49.72605345178301,57.19437178251265,50.296485018336696,52.109707959126325,53.47851953621941,44.60148909775798,Luca Petzold,0.9933234316009507,24.0,43.887705690305424,46.27231382359704,54.86206870171563,49.981837850534795,47.909437757899326,43.73707448075528
2463.0,Radoslaw Majecki,26.0,49.0671641400886,,,Hervé Koffi,0.998678858343982,29.0,52.696353931360704,54.15274124872919,47.40748326499958,49.3595509736496,52.37970963047071,43.2914747081194,Antonín Kinský,0.998605344167563,22.0,51.88404653057087,53.3514087554018,47.5857205047183,49.69453672187339,56.317255831060976,44.61048816238198,Pavlo Isenko,0.9982519225768652,22.0,49.833201910802565,49.90900482212886,47.524404914199245,48.59824951669898,51.62453686442999,43.914272751233504
63980.0,Michel Witte,26.0,49.020056113909874,,,Andrija Katic,0.9983252963682736,24.0,45.246200331557006,51.7338110413664,57.3644801484022,49.487108187905434,42.67767530386597,43.16268065050644,Hidde Jurjus,0.9970304286252818,32.0,48.53062899835782,47.090276920827684,53.46750437751949,57.90990420427275,46.07347319147256,43.20882783813978,Luca Petzold,0.9963981706398433,24.0,43.887705690305424,46.27231382359704,54.86206870171563,49.981837850534795,47.909437757899326,43.73707448075528
49692.0,Tein Troost,24.0,48.98548227426631,,,Patrick Drewes,0.9976576486605886,33.0,56.194363581176795,49.24218205633876,54.797733736052706,53.51661865971393,55.07915620368409,44.399117691134336,Hidde Jurjus,0.9973297415959597,32.0,48.53062899835782,47.090276920827684,53.46750437751949,57.90990420427275,46.07347319147256,43.20882783813978,Nacho Miras,0.997273896806658,28.0,48.7938091651079,47.71209134733794,49.31243331379464,47.810417360875455,43.66765289912867,43.72231283715715
30344.0,Krisztián Hegyi,23.0,48.87435155104797,,,Andrea Hoxha,0.9997251125336103,26.0,54.632190511818685,46.781928732438104,51.94897888011032,42.69658991973789,54.98302139277174,45.09052388771825,Dominik Holec,0.9986742002491512,31.0,52.287744503931016,48.94962187724976,55.362422372478065,51.161652597834475,58.615286413822304,44.90382246955842,Hans Christian Bernat,0.9986111776653979,25.0,52.040407699833295,45.34001704045558,46.115011965232675,47.65636037167391,51.025171333703526,45.56919851478268
105636.0,Tom de Graaff,21.0,48.82004163227577,,,Taishi Brandon Nozawa,0.998243721569255,23.0,48.16414606588572,48.96902843973658,48.98613572643285,48.471602523229684,48.16491925958806,44.35952270254134,Pavlo Isenko,0.9981356177008975,22.0,49.833201910802565,49.90900482212886,47.524404914199245,48.59824951669898,51.62453686442999,43.914272751233504,Georgiy Yermakov,0.9980086887279812,23.0,48.90315283987026,48.29634971938516,50.747194502228155,48.64026799712225,54.65402244572019,43.37452432527026
65783.0,Ben Voll,25.0,48.798534282536345,,,Andrea Hoxha,0.9973189445956588,26.0,54.632190511818685,46.781928732438104,51.94897888011032,42.69658991973789,54.98302139277174,45.09052388771825,Dominik Holec,0.9959674870920767,31.0,52.287744503931016,48.94962187724976,55.362422372478065,51.161652597834475,58.615286413822304,44.90382246955842,Georgiy Yermakov,0.9948490145386325,23.0,48.90315283987026,48.29634971938516,50.747194502228155,48.64026799712225,54.65402244572019,43.37452432527026
31719.0,Davor Matijas,26.0,48.76278616244234,,,Gasper Tratnik,0.9996015981017632,26.0,50.43560985582375,49.29855708187071,47.24263753649173,50.039028123341225,49.434155990641024,45.125199792941864,Rihards Matrevics,0.9995823842473032,26.0,46.52031088956172,45.57918437950524,44.09221039704963,47.00811887839371,48.80110760297313,43.29145478898042,Hans Christian Bernat,0.999479092890216,25.0,52.040407699833295,45.34001704045558,46.115011965232675,47.65636037167391,51.025171333703526,45.56919851478268
106574.0,Mio Backhaus,21.0,48.75491982425305,,,Patrik Gunnarsson,0.9978977367351767,25.0,47.79913382597286,55.77736796942522,52.33638033197686,61.028847129485996,45.70604557326881,43.17785902927119,Marco Bizot,0.9969915157708205,35.0,55.260289444014695,,,,45.52157336777201,40.12203085510723,Jari De Busser,0.9968739295494136,26.0,52.08468604486447,52.846583284940664,51.03032658145914,58.927199630940535,50.32700647550509,44.67479529162929
26593.0,Vitezslav Jaros,24.0,48.74914335528626,,,Andrija Katic,0.99785182042956,24.0,45.246200331557006,51.7338110413664,57.3644801484022,49.487108187905434,42.67767530386597,43.16268065050644,Nacho Miras,0.9975416249237418,28.0,48.7938091651079,47.71209134733794,49.31243331379464,47.810417360875455,43.66765289912867,43.72231283715715,Taishi Brandon Nozawa,0.9955864405530134,23.0,48.16414606588572,48.96902843973658,48.98613572643285,48.471602523229684,48.16491925958806,44.35952270254134
51814.0,Connor van den Berg,24.0,48.73643902478641,,,Taishi Brandon Nozawa,0.9980358569903122,23.0,48.16414606588572,48.96902843973658,48.98613572643285,48.471602523229684,48.16491925958806,44.35952270254134,Brent Gabriël,0.9977956730008747,27.0,49.72605345178301,57.19437178251265,50.296485018336696,52.109707959126325,53.47851953621941,44.60148909775798,Nacho Miras,0.9976987770522631,28.0,48.7938091651079,47.71209134733794,49.31243331379464,47.810417360875455,43.66765289912867,43.72231283715715
57792.0,Nediljko Labrovic,26.0,48.72770110294808,,,Jean Butez,0.9962205951516474,30.0,50.77469879346565,55.81718097111096,50.82773405728266,58.35957802315499,51.093261271682856,43.592453318279176,Brent Gabriël,0.996056957832717,27.0,49.72605345178301,57.19437178251265,50.296485018336696,52.109707959126325,53.47851953621941,44.60148909775798,Patrik Gunnarsson,0.9960266130330779,25.0,47.79913382597286,55.77736796942522,52.33638033197686,61.028847129485996,45.70604557326881,43.17785902927119
104004.0,Dennis Seimen,20.0,48.68002487718032,,,Nacho Miras,0.9992859631079862,28.0,48.7938091651079,47.71209134733794,49.31243331379464,47.810417360875455,43.66765289912867,43.72231283715715,Andrija Katic,0.9989060159024068,24.0,45.246200331557006,51.7338110413664,57.3644801484022,49.487108187905434,42.67767530386597,43.16268065050644,Taishi Brandon Nozawa,0.9987020304744219,23.0,48.16414606588572,48.96902843973658,48.98613572643285,48.471602523229684,48.16491925958806,44.35952270254134
44820.0,Tobias Lawal,25.0,48.50714126984363,,,Hidde Jurjus,0.9985398034258406,32.0,48.53062899835782,47.090276920827684,53.46750437751949,57.90990420427275,46.07347319147256,43.20882783813978,Jari De Busser,0.9975274391044024,26.0,52.08468604486447,52.846583284940664,51.03032658145914,58.927199630940535,50.32700647550509,44.67479529162929,Nacho Miras,0.9972383371012263,28.0,48.7938091651079,47.71209134733794,49.31243331379464,47.810417360875455,43.66765289912867,43.72231283715715
109284.0,Luca Böggemann,22.0,48.437747174772795,,,Andrija Katic,0.9947571856352745,24.0,45.246200331557006,51.7338110413664,57.3644801484022,49.487108187905434,42.67767530386597,43.16268065050644,Luca Petzold,0.9927520289303147,24.0,43.887705690305424,46.27231382359704,54.86206870171563,49.981837850534795,47.909437757899326,43.73707448075528,Nacho Miras,0.9897779175249298,28.0,48.7938091651079,47.71209134733794,49.31243331379464,47.810417360875455,43.66765289912867,43.72231283715715
106537.0,Muhamed Sahinovic,22.0,48.38588766604798,,,Hervé Koffi,0.9987247720676417,29.0,52.696353931360704,54.15274124872919,47.40748326499958,49.3595509736496,52.37970963047071,43.2914747081194,Brent Gabriël,0.9985557626964506,27.0,49.72605345178301,57.19437178251265,50.296485018336696,52.109707959126325,53.47851953621941,44.60148909775798,Antonín Kinský,0.9982658799871811,22.0,51.88404653057087,53.3514087554018,47.5857205047183,49.69453672187339,56.317255831060976,44.61048816238198
50129.0,Franco Israel,25.0,48.1892171183225,,,Georgiy Yermakov,0.9992145493929551,23.0,48.90315283987026,48.29634971938516,50.747194502228155,48.64026799712225,54.65402244572019,43.37452432527026,Dominik Holec,0.9989358944892972,31.0,52.287744503931016,48.94962187724976,55.362422372478065,51.161652597834475,58.615286413822304,44.90382246955842,Filip Stanković,0.9989267360225705,24.0,50.92804282893711,46.188046326031525,46.09742533610196,53.52408755729257,60.89470403800201,44.783897049085944
78816.0,Jonas Krumrey,22.0,48.16301557662376,,,Luca Petzold,0.9986592568228058,24.0,43.887705690305424,46.27231382359704,54.86206870171563,49.981837850534795,47.909437757899326,43.73707448075528,Nacho Miras,0.9981989981131616,28.0,48.7938091651079,47.71209134733794,49.31243331379464,47.810417360875455,43.66765289912867,43.72231283715715,Andrija Katic,0.99799323941141,24.0,45.246200331557006,51.7338110413664,57.3644801484022,49.487108187905434,42.67767530386597,43.16268065050644
51472.0,Guillaume Dietsch,24.0,48.020461660394645,,,Maximilian Weisbäcker,0.972245621168819,24.0,46.842607074229676,67.39076021898605,50.77472752504936,46.82245372648347,47.71193366016076,42.344985075272,Fabian de Keijzer,0.9708882764450598,25.0,50.10603685143083,47.51608865431524,40.740750040068384,45.85694801697373,62.03973063982812,46.390634748710504,Matous Trmal,0.9696745405866354,27.0,47.260051870133246,49.682929433036996,42.75705793864761,50.899266064812615,55.028738995062554,43.85371094262805
97058.0,Menno Bergsen,26.0,47.95322875796426,,,Rihards Matrevics,0.9998610774654295,26.0,46.52031088956172,45.57918437950524,44.09221039704963,47.00811887839371,48.80110760297313,43.29145478898042,Pavlo Isenko,0.9996208165012762,22.0,49.833201910802565,49.90900482212886,47.524404914199245,48.59824951669898,51.62453686442999,43.914272751233504,Antonín Kinský,0.9993912590153592,22.0,51.88404653057087,53.3514087554018,47.5857205047183,49.69453672187339,56.317255831060976,44.61048816238198
106332.0,Zsombor Senkó,23.0,47.853878006347436,,,Andrea Hoxha,0.9983709255785004,26.0,54.632190511818685,46.781928732438104,51.94897888011032,42.69658991973789,54.98302139277174,45.09052388771825,Dominik Holec,0.9959221630790502,31.0,52.287744503931016,48.94962187724976,55.362422372478065,51.161652597834475,58.615286413822304,44.90382246955842,Georgiy Yermakov,0.9956489882419081,23.0,48.90315283987026,48.29634971938516,50.747194502228155,48.64026799712225,54.65402244572019,43.37452432527026
31667.0,Matej Kovar,25.0,47.83749692586316,,,Andrija Katic,0.9990553162353387,24.0,45.246200331557006,51.7338110413664,57.3644801484022,49.487108187905434,42.67767530386597,43.16268065050644,Nacho Miras,0.9963966291654972,28.0,48.7938091651079,47.71209134733794,49.31243331379464,47.810417360875455,43.66765289912867,43.72231283715715,Luca Petzold,0.9958000085999188,24.0,43.887705690305424,46.27231382359704,54.86206870171563,49.981837850534795,47.909437757899326,43.73707448075528
28189.0,Daniel Klein,24.0,47.76457673026464,,,Fabian de Keijzer,0.9894113750409816,25.0,50.10603685143083,47.51608865431524,40.740750040068384,45.85694801697373,62.03973063982812,46.390634748710504,Antonín Kinský,0.9859484560346308,22.0,51.88404653057087,53.3514087554018,47.5857205047183,49.69453672187339,56.317255831060976,44.61048816238198,Hervé Koffi,0.9848931511632925,29.0,52.696353931360704,54.15274124872919,47.40748326499958,49.3595509736496,52.37970963047071,43.2914747081194
180229.0,Jonathan Fischer,24.0,47.441448884984254,,,Gasper Tratnik,0.9995817772368418,26.0,50.43560985582375,49.29855708187071,47.24263753649173,50.039028123341225,49.434155990641024,45.125199792941864,Rihards Matrevics,0.9995351815863828,26.0,46.52031088956172,45.57918437950524,44.09221039704963,47.00811887839371,48.80110760297313,43.29145478898042,Hans Christian Bernat,0.9993767033948278,25.0,52.040407699833295,45.34001704045558,46.115011965232675,47.65636037167391,51.025171333703526,45.56919851478268
126944.0,Maximilian Brüll,23.0,47.04538362357628,,,Andrea Hoxha,0.9979697862471516,26.0,54.632190511818685,46.781928732438104,51.94897888011032,42.69658991973789,54.98302139277174,45.09052388771825,Hans Christian Bernat,0.9978253828788362,25.0,52.040407699833295,45.34001704045558,46.115011965232675,47.65636037167391,51.025171333703526,45.56919851478268,Patrick Drewes,0.9978187494088071,33.0,56.194363581176795,49.24218205633876,54.797733736052706,53.51661865971393,55.07915620368409,44.399117691134336
30228.0,Maarten Vandevoordt,24.0,46.685818677987214,,,Patrik Gunnarsson,0.9981594966407529,25.0,47.79913382597286,55.77736796942522,52.33638033197686,61.028847129485996,45.70604557326881,43.17785902927119,Hidde Jurjus,0.9963634547142297,32.0,48.53062899835782,47.090276920827684,53.46750437751949,57.90990420427275,46.07347319147256,43.20882783813978,Jari De Busser,0.9956656370163188,26.0,52.08468604486447,52.846583284940664,51.03032658145914,58.927199630940535,50.32700647550509,44.67479529162929
68191.0,Arthur Lyska,25.0,46.596523702028094,,,Patrik Gunnarsson,0.9983048827089144,25.0,47.79913382597286,55.77736796942522,52.33638033197686,61.028847129485996,45.70604557326881,43.17785902927119,Jari De Busser,0.9972039965586428,26.0,52.08468604486447,52.846583284940664,51.03032658145914,58.927199630940535,50.32700647550509,44.67479529162929,Hidde Jurjus,0.996653379971953,32.0,48.53062899835782,47.090276920827684,53.46750437751949,57.90990420427275,46.07347319147256,43.20882783813978
66515.0,Elias Bördner,24.0,46.16458606417704,,,Fabian de Keijzer,0.9989927437090075,25.0,50.10603685143083,47.51608865431524,40.740750040068384,45.85694801697373,62.03973063982812,46.390634748710504,Filip Stanković,0.9964833395100928,24.0,50.92804282893711,46.188046326031525,46.09742533610196,53.52408755729257,60.89470403800201,44.783897049085944,Marius Müller,0.9959095339904391,32.0,50.618483343805,52.05214980260434,46.71950877803234,53.296794247971604,61.24892877012243,44.95887057322816
115577.0,Simon Simoni,21.0,46.09985111435247,,,Brent Gabriël,0.9972185730440407,27.0,49.72605345178301,57.19437178251265,50.296485018336696,52.109707959126325,53.47851953621941,44.60148909775798,Justin Heekeren,0.9971848407787595,25.0,49.05727410790486,57.9558222326541,53.42344422939864,52.72992412709227,59.65002782817045,43.13010612687076,Matous Trmal,0.9964154579667991,27.0,47.260051870133246,49.682929433036996,42.75705793864761,50.899266064812615,55.028738995062554,43.85371094262805
22957.0,Lennart Moser,26.0,45.590518903434216,,,Fabian de Keijzer,0.9865329321275901,25.0,50.10603685143083,47.51608865431524,40.740750040068384,45.85694801697373,62.03973063982812,46.390634748710504,Antonín Kinský,0.9817142319839437,22.0,51.88404653057087,53.3514087554018,47.5857205047183,49.69453672187339,56.317255831060976,44.61048816238198,Matous Trmal,0.9811560464164527,27.0,47.260051870133246,49.682929433036996,42.75705793864761,50.899266064812615,55.028738995062554,43.85371094262805
104150.0,Malte Brüning,21.0,45.495227166972995,,,Maximilian Weisbäcker,0.9941748588017338,24.0,46.842607074229676,67.39076021898605,50.77472752504936,46.82245372648347,47.71193366016076,42.344985075272,Brent Gabriël,0.9932294845882577,27.0,49.72605345178301,57.19437178251265,50.296485018336696,52.109707959126325,53.47851953621941,44.60148909775798,Justin Heekeren,0.9915234383563604,25.0,49.05727410790486,57.9558222326541,53.42344422939864,52.72992412709227,59.65002782817045,43.13010612687076
3863.0,Luca Plogmann,26.0,45.261755833966824,,,Brent Gabriël,0.9992458165605622,27.0,49.72605345178301,57.19437178251265,50.296485018336696,52.109707959126325,53.47851953621941,44.60148909775798,Kamil Grabara,0.9990205098550454,27.0,47.95326297186434,49.86294260858529,47.83935939837255,50.42926376959961,48.9108513203225,43.21550450123318,Pavlo Isenko,0.9986599907336459,22.0,49.833201910802565,49.90900482212886,47.524404914199245,48.59824951669898,51.62453686442999,43.914272751233504
5760.0,João Virgínia,26.0,44.24015807767767,,,Andrija Katic,0.9698453802110579,24.0,45.246200331557006,51.7338110413664,57.3644801484022,49.487108187905434,42.67767530386597,43.16268065050644,Luca Petzold,0.9636091030638897,24.0,43.887705690305424,46.27231382359704,54.86206870171563,49.981837850534795,47.909437757899326,43.73707448075528,Nacho Miras,0.9600539138045983,28.0,48.7938091651079,47.71209134733794,49.31243331379464,47.810417360875455,43.66765289912867,43.72231283715715
135796.0,Armin Olayo,23.0,43.59891534041969,,,Matous Trmal,0.9907111626519757,27.0,47.260051870133246,49.682929433036996,42.75705793864761,50.899266064812615,55.028738995062554,43.85371094262805,Marius Müller,0.9898470936252062,32.0,50.618483343805,52.05214980260434,46.71950877803234,53.296794247971604,61.24892877012243,44.95887057322816,Justin Heekeren,0.9887250614314133,25.0,49.05727410790486,57.9558222326541,53.42344422939864,52.72992412709227,59.65002782817045,43.13010612687076
66170.0,Răzvan Sava,23.0,43.22131220804576,,,Rihards Matrevics,0.998518426243508,26.0,46.52031088956172,45.57918437950524,44.09221039704963,47.00811887839371,48.80110760297313,43.29145478898042,Gasper Tratnik,0.9984451553957406,26.0,50.43560985582375,49.29855708187071,47.24263753649173,50.039028123341225,49.434155990641024,45.125199792941864,Hans Christian Bernat,0.9983684886890994,25.0,52.040407699833295,45.34001704045558,46.115011965232675,47.65636037167391,51.025171333703526,45.56919851478268
53675.0,Vic Chambaere,23.0,41.690758049807144,,,Hans Christian Bernat,0.9947764798406742,25.0,52.040407699833295,45.34001704045558,46.115011965232675,47.65636037167391,51.025171333703526,45.56919851478268,Rihards Matrevics,0.9936819384319251,26.0,46.52031088956172,45.57918437950524,44.09221039704963,47.00811887839371,48.80110760297313,43.29145478898042,Andrea Hoxha,0.9935494761311369,26.0,54.632190511818685,46.781928732438104,51.94897888011032,42.69658991973789,54.98302139277174,45.09052388771825
74044.0,Etienne Green,25.0,40.58732179155077,,,Fabian de Keijzer,0.9913518600770507,25.0,50.10603685143083,47.51608865431524,40.740750040068384,45.85694801697373,62.03973063982812,46.390634748710504,Andrea Hoxha,0.9855787152629812,26.0,54.632190511818685,46.781928732438104,51.94897888011032,42.69658991973789,54.98302139277174,45.09052388771825,Filip Stanković,0.9848333223477772,24.0,50.92804282893711,46.188046326031525,46.09742533610196,53.52408755729257,60.89470403800201,44.783897049085944
97021.0,Matus Chropovsky,23.0,35.564656152793766,,,Fabian de Keijzer,0.9807797733261031,25.0,50.10603685143083,47.51608865431524,40.740750040068384,45.85694801697373,62.03973063982812,46.390634748710504,Marius Müller,0.9759610293120586,32.0,50.618483343805,52.05214980260434,46.71950877803234,53.296794247971604,61.24892877012243,44.95887057322816,Filip Stanković,0.9758489173579282,24.0,50.92804282893711,46.188046326031525,46.09742533610196,53.52408755729257,60.89470403800201,44.783897049085944
115558.0,Marko Alcevski,23.0,35.38821605199068,,,Fabian de Keijzer,0.9072400230064089,25.0,50.10603685143083,47.51608865431524,40.740750040068384,45.85694801697373,62.03973063982812,46.390634748710504,Marius Müller,0.9022676114790609,32.0,50.618483343805,52.05214980260434,46.71950877803234,53.296794247971604,61.24892877012243,44.95887057322816,Justin Heekeren,0.8993479089422444,25.0,49.05727410790486,57.9558222326541,53.42344422939864,52.72992412709227,59.65002782817045,43.13010612687076
